chrom,dil,inj_vol,cond,rep,time,315.108224422026@1.44374652777771,297.090928046429@2.28725161049151,108.038431528259@3.67259509437986,108.038428793563@3.69313926215244,615.171990556326@5.21017854551925,265.278300217642@7.0367752093078,281.273253941264@7.21024565217396,303.648134183733@10.6363823627039,266.641136132561@10.6472456645674,279.649019158274@10.650867055446,287.635168192283@10.9414373693767,279.649012210175@10.9419585710064,258.625503860744@10.9945602504852,409.407060755248@12.2094559523809,440.436161573817@12.2147909044128,528.503901784185@12.3722791666667,466.451877843114@12.3979352618692,409.407061009184@12.4735739130434,468.467586130967@12.4749734826125,353.367460640048@13.4504379937487,367.383258367904@13.7529972200105,584.586281683499@13.7569002073351,515.472378200017@13.8064111904536,584.583447058199@13.9572795534812,495.503505327212@14.0338537193861,502.496377413769@14.0904359361486,501.493139227186@14.0920074204286,521.519020488997@14.2391062915711,729.539057775888@14.2471155797102,594.572386359248@14.2554821779775,580.556824580716@14.2588796951652,596.587813139696@14.2902474241754,582.572047403663@14.2943111773798,395.414606016025@14.3249473305604,378.719348214614@14.4026165816657,370.732956311961@14.4038938771624,395.740651332823@14.4555261111111,729.533955406259@14.5030906997255,751.516139352884@14.5063175557392,396.748700013865@14.6182248810352,377.741174173715@14.6375747578124,730.536484263303@14.7140617192933,735.025518876172@14.7470722932864,734.028418411834@14.7567157016685,730.031438444699@14.7571372936724,702.570987723469@14.7600510873179,729.026748235211@14.7616395593555,731.032083493856@14.763824493649,732.031659073357@14.7671791666666,737.008452232125@14.781796641429,732.014925878574@14.7834649798515,731.01204715712@14.7853810098883,403.755285125157@14.7877325526489,735.006948175994@14.7906833028341,400.760224691036@14.7927430137104,705.534087091938@14.7996434116062,733.997380031365@14.803515551991,371.740767671337@14.8041233902945,392.773217172673@14.805388014249,457.714072977198@14.8833192156531,384.748607813637@14.8889275161768,769.505582663009@14.8893422876956,731.898010097719@14.8894605840518,753.531834090804@14.889640501837,392.735036592341@14.8901373303487,732.932004534145@14.8917049703564,385.751674057377@14.8929530529297,423.446122669672@14.8942682697858,365.271331544751@14.8964699522375,384.761494677816@14.8980293122678,397.730272712335@14.8981824165795,396.731879810446@14.8986501852276,363.725138768326@14.8988123951165,417.742480656546@14.9530541867605,409.756109987178@14.9576769903356,781.564270119743@14.9579332919313,388.732982147547@14.9708864528779,758.55795338782@14.9887119047619,389.767828239678@14.9906754164438,397.75650013587@14.9939344925423,757.565319599845@14.9947468253968,581.596411898005@15.0138141479895,580.59298575144@15.0168661801718,504.512223757903@15.0229086146554,566.577279170053@15.0250681901369,807.58036129786@15.0289192552796,704.586158927681@15.0307553445717,765.534076043698@15.0397892483838,537.51461040825@15.0505570433746,543.499146452927@15.0848736979167,392.735444788793@15.102473298946,402.775197670576@15.1064032141812,389.740804220325@15.1187230393514,783.580634510175@15.1207198434447,388.721949945765@15.2058583517012,861.550358715859@15.2458755492746,404.764373045756@15.247299945073,598.567282495976@15.3030716800316,402.766889337316@15.3453265783519,385.769063252945@15.3890207264205,385.756289543859@15.3906450523024,366.279127870179@15.3935269784021,410.746541432625@15.4185109848485,759.63931185407@15.4715978122194,760.584485855137@15.4730703764929,759.581272862025@15.4732599700186,385.726995185527@15.4947341693532,377.740806920744@15.5009464771737,501.493214689285@15.5222307621441,404.784708048641@15.5569378940106,785.597084986154@15.5615779744673,743.549779819587@15.5718196930719,382.759986556603@15.5723204093679,403.750745530853@15.5750220238095,394.759971540296@15.5937195848247,411.736513754118@15.5977823681754,410.735115291769@15.5982806018244,402.748656030861@15.6034085726725,403.752798002118@15.6054283333333,451.477500879636@15.6197925377695,411.770660008144@15.6862091503268,793.564594626483@15.6968989883675,377.759084193308@15.7099423761092,394.751131768862@15.7308558333334,477.493194603783@15.733011740578,522.551107057708@15.7405677228096,743.585087888006@15.777373272606,523.535326966176@15.7923611358797,369.743339109022@15.8080933487267,382.75119448959@15.8932755555556,394.7512750354@15.8977722078376,751.554754465334@15.8992890379837,746.660179300633@15.9525343294559,767.583841371145@15.957784887563,403.756537015345@15.9623626984127,534.551268697932@16.0142208557962,503.55421823691@16.0191749105288,504.557969323698@16.020033315574,525.536887651413@16.0201204334963,535.554620642449@16.0214602981444,503.509014369275@16.0232434390216,548.613056806306@16.0267387073091,465.493222047805@16.0569314773051,513.490822184023@16.1762840677549,491.508873162594@16.1777397280368,536.566788739769@16.1784163067798,393.302607747184@16.2765353379895,392.759768654629@16.2846954996848,678.015928711165@16.3269949108955,656.992254505838@16.3337623462486,524.612736950824@16.5508335060551,480.556397891454@16.5615456961967,517.46477528338@16.5689200236096,538.582540286656@16.569343020505,524.566881578884@16.5715923217293,479.553047826873@16.5746668384773,479.508928609895@16.5760943533908,727.38009605055@16.5866846929213,527.55363905987@16.6299257575758,550.622493864935@16.6484028735633,505.572302101185@16.6828074561404,506.032344717346@16.6858269535456,505.978112316745@16.7023566885247,506.003708450436@16.7036952625315,524.498139586269@16.7054199808265,524.999759070281@16.7085684624185,505.950259393863@16.7087198171443,529.560068421443@16.7093661111111,506.527980993734@16.7109485119048,505.923304337814@16.7114453410072,300.757055579016@16.712309090909,505.524815209667@16.7126453125,507.575580673545@16.7133925170068,506.573377991592@16.7180907051282,538.606192224584@16.9122987331081,493.524600200015@16.9235779814279,645.608907319994@16.9477910836716,493.524156083804@17.2351545504385,519.540174345197@17.3365790415439,566.613203353296@17.9180126736111,507.585240318467@17.9312721955784,507.540164139419@17.9513940640586,647.624127893794@18.0760409722222,237.081234046689@3.68837108833056
025dil_rep1_2ul_1_pos,0.25,2,1,1,1,326876.7981,110067.0089,695781.0335,703982.6691,219950.0283,1065.016987,3946.205445,22038.42223,171865.3431,25213.79123,18495.18191,56406.8752,12304.3186,17250.62125,47994.80379,3857.755627,15121.61684,9667.526735,18463.85205,42716.46573,147897.0179,12836.81275,38897.49222,17047.42901,33382.01804,20824.72811,55221.65659,37080.18354,26012.92869,35373.01415,130082.541,84673.3832,145548.4465,74666.30435,29958.03921,87787.30482,35727.22981,701846.0117,511980.1669,74191.22446,60123.77944,265192.3808,25839.16602,27957.31083,37636.36329,3612295.72,23452.37301,44147.54197,25705.18333,30521.67716,30129.0463,49846.35201,44819.67389,48777.96688,50501.09163,2058268.242,31515.1789,232721.3203,60817.65832,36295.9324,619433.1303,807706.583,16004.02921,4694355.886,173836.4263,16870.03108,88616.25603,165180.1953,8141962.798,28417.32702,44602.19216,64341.19585,24394.3562,37072.82714,153159.9941,2130673.796,56369.85987,9459.938817,81587.41907,382914.7484,9824.72907,58596.67999,122380.9486,14537.26394,326900.635,2034091.038,514905.7397,1431311.154,57461.27759,426443.2254,98964.4091,40486.86424,34178.33768,2080338.149,26390.53095,81440.24518,66582.55714,49111.13038,45502.25979,15440.08776,313594.5255,4198089.688,66096.4672,860897.3951,7204854.07,15399203.39,18396.36461,90262.73194,82671.423,22865.94622,5120364.017,1383658.525,16818.66189,42306.08096,39594.52203,22477.46818,64303.5698,235954.8318,39524.37037,88200.57361,435148.7878,343014.5674,59491.12607,63231.19829,266501.1671,242503.1251,281865.751,104480.1603,59241.68596,28160.89332,59263.94767,510876.2202,695781.0335,555427.8785,41932.81659,30303.86008,132637.8864,53132.02301,99913.50712,13498.3211,2264754.682,95153.84214,20324.02737,51315.69089,69927.68286,67537.27948,1033347.921,15217.88143,36386.00906,39984.72821,53063.63862,9472.135114,305090.4626,468102.2193,1271268.269,81256.71208,1557948.006,19771.50911,225395.5773,692386.0204,1068004.45,40947.37568,44233.83264,22293.49309,15251.16374,15680.34286,48792.58165,30487.60177,7395202.726,15046.52655,63443.40947,21750339.81,53338.10605,399942.3206,10886.19529,6729.743563,28326.23622,27286.7335,35560.41685,421532.0493,58589.27449,1058680.416,312601.878,3422082.178
025dil_rep1_2ul_2_pos,0.25,2,1,1,4,282978.7095,80934.19318,646607.7743,578494.9058,79811.12024,0,7676.662673,8732.980942,58293.31563,10014.14638,11775.33882,30905.99402,10031.05929,15053.33881,34938.33266,0,3908.878345,12477.4201,8732.487434,37163.46424,106798.6709,7434.299739,29241.25606,9632.561755,30509.5868,14404.98435,40016.55313,26750.17295,340230.2634,28471.73581,64332.43268,59887.71772,98776.50808,114967.1399,24892.78673,66025.89742,18102.02438,469315.1492,321253.3428,40020.04167,42154.6479,149600.0243,14489.89757,16799.50729,26786.57596,2245163.442,15833.20471,22263.58956,14408.27402,15977.80763,15953.37857,28665.74054,32671.86415,23622.15269,40931.71333,1262197.76,14331.09986,165734.922,60822.51136,43638.3211,483764.4873,612656.2878,21500.61815,3312763.081,122261.5341,12819.93257,71256.27599,118474.5536,5043811.955,19569.93589,35466.80922,56996.86321,18227.87142,27577.67741,114060.7321,1396254.255,49159.75168,966040.9595,61920.29525,297416.4504,3505205.328,47023.09516,106163.6297,11460.75239,304734.9938,1220980.02,350588.5614,1018733.638,43332.4272,393692.1077,81527.81285,20351.57705,24304.64238,1230389.358,18586.72315,92736.74338,59451.03003,35461.44697,41245.76243,10371.55586,271401.3278,2756203.56,75660.34181,11627.50995,4464588.935,9461874.866,22532.95111,68269.36153,78188.43551,18309.07838,3289287.131,837858.2427,15437.7005,31233.08467,25383.42935,28241.88188,45928.4792,192632.9472,33181.83347,69692.52865,339807.0248,225581.1521,37685.49502,43047.78627,197556.3952,154848.2614,179368.6106,38106.60361,45440.61476,21586.1368,54169.62988,357119.1366,646607.7743,378230.4071,31248.471,25390.73423,42398.25279,31860.25098,63753.08686,9397.033443,1948214.905,63779.70534,12983.9316,34190.97267,48326.48631,50968.93979,664906.441,8392.010846,44812.81342,28084.97894,32164.54819,95874.27685,213559.1576,368806.8424,813000.4685,83125.33315,1244348.672,16082.5213,138838.9699,481353.6229,811141.7696,35482.82195,24159.40214,24633.73335,10343.2658,5549.955965,43562.57499,30373.79941,5843368.118,20503.14019,35087.89814,15582962.45,62195.78437,258638.5034,4063.950604,7216.83533,16545.15796,21501.47905,31261.80224,315973.3406,55987.83045,761320.0732,241144.9608,2918676.669
025dil_rep1_2ul_3_pos,0.25,2,1,1,7,245561.2396,47886.73466,556120.8838,517956.785,56200.52809,0,12524.34304,973.5693819,30309.25899,6672.194526,4144.721146,13863.04064,5530.616942,17812.25739,26478.06392,3780.742905,4216.678955,49264.49775,5310.643368,19997.05216,87775.03134,4607.247232,21232.36958,12767.15511,18376.50667,13799.1208,32014.82781,19139.65262,223735.107,25072.06664,53089.98598,47570.369,72236.98829,88050.85924,10332.72695,44091.4945,14038.79981,340913.052,270750.0091,36391.42115,24555.98538,126865.4983,9006.043189,6653.898987,13417.31541,1663469.812,7210.183466,16939.724,10335.50688,8349.534503,11439.57994,17499.67837,29421.54845,20529.14934,33297.04131,899776.2551,6079.3704,119572.936,53560.63387,29448.47395,435964.5162,513169.6456,22193.25695,2657865.609,107030.8069,16401.25616,58931.61811,112305.1073,3768753.422,43271.99976,28427.97526,50218.31327,13653.0919,19339.47303,99580.49865,1023436.395,49788.16694,719942.8532,38271.90481,283685.2443,2664936.271,48759.71162,93453.68244,8203.368439,258966.6688,865531.679,267834.6948,797343.6685,33439.37251,358813.542,59676.49061,14223.54179,37622.25399,869717.774,18406.17238,72148.26254,47505.43267,32664.27642,42424.3587,13906.29051,226167.9845,2050396.515,69112.02324,11761.56831,3659130.783,7448674.694,14251.93522,69422.58619,72913.25915,13910.5654,2469800.115,746520.2036,15732.4083,25999.25563,22686.25502,30357.65498,35778.90213,168412.6578,27318.93051,60428.54908,274030.8436,168851.6021,30563.88333,33435.79653,170363.9785,148925.1933,149927.5158,32177.43947,36971.84917,11679.28943,48936.67309,263317.0174,556120.8838,302336.1597,36519.10575,21264.12389,45083.87264,38089.40707,61431.966,12955.85994,1609365.921,11709.81824,11864.21664,31759.92081,43529.32378,41300.18541,499939.781,9179.299389,32781.0997,27480.57795,37106.15815,57954.28761,182231.4236,314685.3504,709232.1295,16488.41482,1020783.652,12968.68045,135107.0975,3529363.476,637972.1121,36975.307,45334.78457,31784.06758,3068.626902,2675.130456,14067.15831,29041.18485,4994459.094,40655.86367,28969.34965,12894466.3,32546.44248,227570.7196,5137.491556,5150.17339,11169.15449,14964.46271,28884.94282,147702.9662,20183.89962,642608.1155,199540.1652,2825674.401
025dil_rep1_2ul_4_pos,0.25,2,1,1,10,199785.3152,37033.72147,481095.4167,437917.108,40666.19371,333.6091927,19543.0915,954.1902568,24493.46521,8530.212575,2030.811394,19250.4699,4220.760389,14029.02775,29350.28674,883.8081669,968.8469855,43445.11274,5480.281258,18369.2145,63522.04163,2082.058254,15082.30875,1963.137422,17430.1589,16775.40749,26770.62813,14397.97729,18997.01704,20322.59666,41835.24431,34084.12444,44541.0501,78020.98689,13918.70533,37177.10494,14117.33596,271293.9331,9331.368497,29092.74117,24040.53799,95074.51627,10551.84911,7709.152294,9705.012107,1380203.451,5188.232633,10627.20389,6487.722753,2987.396147,7054.610713,10032.63297,25649.04282,17565.65646,31009.2685,660653.7572,4930.81563,90686.10802,30171.19311,28048.64578,352586.1458,309393.7117,16033.04089,1707745.262,86856.48735,18881.72324,40718.75698,95961.7347,2676542.598,35006.16135,37218.88596,36115.81349,11693.79006,21225.80088,74915.07158,671143.3786,31645.48951,496924.2924,30195.66139,237116.6542,1707132.77,35177.78808,84185.21837,10706.885,207055.9792,610391.6774,179767.8082,627933.8747,27932.57073,322563.3916,49942.26645,11404.00611,30127.88404,599339.8641,18561.231,0,31168.1595,18282.33148,20938.47342,7950.213357,196061.5974,1444095.42,48175.81355,234065.1265,2428218.001,4952075.077,11074.23028,55337.51842,62698.49489,11213.15753,1795371.62,587902.3208,10646.66843,17842.38405,26387.70052,25047.40686,46169.54318,140051.786,24169.82508,48115.26103,230543.4773,128686.004,22865.65577,40643.3313,135954.8578,103932.5216,100955.1812,52342.5734,30386.7272,15064.28333,31455.68134,236985.0888,481095.4167,230734.9207,34159.14558,18220.79528,48366.3459,29074.64949,53014.57478,6863.106344,1123231.053,57294.25914,10021.96876,25990.47712,40015.96299,26142.55833,356072.5991,10451.63622,20691.33651,18840.45974,20222.47324,14727.08525,158646.5824,263937.7347,580794.071,45518.38805,742616.4584,7877.782227,85092.44739,372830.8527,510233.4987,38276.88646,39845.95911,39462.24464,2045.062822,1013.420634,39017.47542,11764.16637,4140741.485,31740.46562,23209.61063,10553735.57,65307.51665,163779.5592,14670.41709,3088.976102,10661.45324,12607.81835,23081.29337,190911.8339,37388.41361,503557.235,142786.7655,2465552.83
025dil_rep2_2ul_1_pos,0.25,2,1,2,13,400125.8502,95622.69495,710578.8914,853181.0027,295578.0934,2788.737801,65405.6516,4963.513168,49101.64144,14379.65749,14353.71876,34822.45203,13579.11423,20086.79405,36623.0684,0,2196.880622,27750.30258,8754.725483,33423.68673,134475.6597,10261.89294,35308.2382,14538.81258,30282.85654,21909.68798,53006.0041,35382.30791,21482.04722,32216.81836,132216.0503,77178.02054,108963.7936,133256.7785,24629.67708,82919.0817,31159.10215,676132.1447,510024.2049,58138.94371,42846.29095,242616.1278,25213.87594,22780.44284,41864.17915,3500357.193,32107.39709,40595.61201,31130.96759,27145.80091,34564.75707,31622.02824,35366.29886,38057.25001,63339.78914,1819341.688,18786.14308,248771.1468,51274.83314,36535.85401,649805.2175,768453.723,23390.56462,4655792.028,181025.0007,23578.02267,80542.60118,141339.5748,7236086.672,51070.35318,42485.02123,69388.55534,29568.09389,37525.64032,130152.0408,1912948.469,52085.12445,1397636.161,62849.83575,350097.8249,5170399.658,54800.30991,122487.4266,23965.11026,312554.6865,1817620.229,481159.606,1327425.209,53431.02905,447640.7057,74966.90507,26021.83113,29556.6774,1938782.899,23883.86072,117994.3884,68897.98534,43077.4581,45950.75052,11995.01217,291872.7544,3472726.514,74135.4247,603295.3554,6259466.583,13435089.74,22612.31632,70381.86077,82430.17479,25095.30112,4841967.797,1219481.798,25433.85829,34068.35348,31185.20414,28639.90559,49943.25749,217357.2252,33408.30778,79799.24069,373596.2046,303882.6851,49384.1405,43952.22749,252433.0033,207547.3985,219126.9455,48429.73729,61776.63695,19994.90254,60602.15275,472037.783,812296.922,566669.777,53168.35035,37841.7493,40741.5169,61854.65295,91958.9513,13451.91622,1980055.897,80824.7976,15228.73584,48221.62678,69147.69838,61958.03939,935528.4026,18071.76885,36342.60347,43135.59254,33407.11028,30405.58981,275180.3646,438279.7515,1076273.015,86671.64388,1600618.752,19674.48336,272113.3885,618712.8208,1015185.47,14904.31772,26179.39715,15043.50588,16415.88815,6805.855308,49413.25592,16588.62908,7411972.365,26504.94121,47521.87635,19886207.13,79018.75291,362187.1017,8821.329788,5628.664923,26056.88906,18444.74845,37151.94391,296943.3508,26128.56242,872127.0263,312674.9766,3991437.206
025dil_rep2_2ul_2_pos,0.25,2,1,2,16,303388.8329,72942.61518,645001.039,590784.7505,76891.54658,2336.782593,63702.10285,873.616367,30031.40085,9266.281301,4664.184047,16751.53973,9069.678265,50346.56366,29794.76568,468.5714929,6057.398479,18260.80352,7470.788172,28871.13787,109414.4091,4107.202783,27560.9851,12531.67295,23369.29232,16159.91926,34320.87488,23639.87814,14183.36553,25142.11968,58388.30326,43750.47815,72920.79615,98374.83996,22638.59425,61419.33572,21108.03451,456576.9955,344560.8271,43685.28431,29892.38975,167945.1885,19298.98512,16618.26546,26597.7836,2206765.574,21320.32531,24293.52539,20553.9625,16129.78587,22926.96916,27257.38635,33181.6526,26004.5222,63395.06576,1151967.097,13482.62717,145945.1413,73875.77757,37153.58578,484082.1084,646029.9499,18504.68321,3340183.864,138807.6001,18575.03387,64923.36945,125999.7605,5067235.822,100450.0827,34440.742,61207.0203,17866.81227,32616.73953,103981.8818,1312034.693,50608.98809,9874.859086,66263.72154,326820.6676,3253227.163,46478.24722,109681.4561,14153.14967,308724.3145,1149938.226,320149.6134,909070.2915,44259.72524,472158.7094,68674.08388,18988.65105,20064.95349,1120324.695,28759.3572,91389.91428,53086.79853,41483.68272,37276.55313,29577.59827,260791.0495,2588841.802,62570.78428,448930.5311,4509977.078,9664958.191,20559.2488,75071.12625,75117.56321,22174.55003,3121068.055,866468.6404,14951.69397,33452.43915,22354.60759,36422.01162,60322.685,205794.6611,39381.73805,76487.31386,331912.0031,219364.3865,38468.00645,42808.15575,195042.7529,154658.6049,175054.7278,42487.22797,49401.36386,19929.86683,53398.52245,340718.602,645001.039,406676.3215,30649.61325,23849.82367,52895.86285,23173.87317,60407.99723,14160.72548,1917983.452,36124.4649,13682.54196,39056.13836,51329.04794,43924.3325,632172.1323,9724.568745,40532.64802,28076.93631,26825.39074,90975.50004,228483.5733,362228.8129,768213.6273,45636.20091,1152166.415,12039.10215,200340.9755,497657.7324,745698.8395,36460.67595,38825.8759,12237.65207,5755.116601,7561.988986,41979.16639,26499.61785,5721218.779,10910.1941,43527.47151,15842392.92,41016.9467,263203.2817,17139.73339,5176.783945,12612.10713,15941.62671,27598.22577,276897.2048,31081.73604,763586.0454,266119.7347,3118320.63
025dil_rep2_2ul_3_pos,0.25,2,1,2,19,257331.0265,69860.69821,601127.8493,558896.6267,50948.66318,421.8659078,61278.65866,808.7885354,22808.49699,10251.87133,5966.927983,12514.70136,5325.758489,36776.92429,19672.95741,1238.420661,2139.098885,46075.00703,5265.457413,20265.60884,80872.27414,4293.637398,18884.3727,7391.349968,16465.78313,13361.96483,32411.2334,20307.27401,10422.23654,20267.94311,36579.31681,34256.73595,55392.44235,87062.7729,19232.82669,41783.1053,14375.1392,326407.5478,252424.7157,40278.58668,43930.24382,116098.0645,15038.9229,13453.13712,19086.46412,1673403.514,5222.050503,13661.00708,6439.357635,5013.061031,8684.578808,14773.81246,23684.33368,22986.22809,56009.15477,897807.7252,13177.1513,125853.3754,61111.24392,32865.89871,406803.2631,443463.5035,18836.64064,2326860.405,109388.0109,15674.9831,52356.34457,109289.4708,3512880.158,180672.9489,27782.77974,46115.66884,18013.51096,31771.88966,106547.6486,836789.9215,34382.57193,713481.0134,44558.24843,273272.9747,2312281.743,39242.73576,97694.92142,12731.97377,255716.616,805785.0595,230296.0897,727682.1423,31614.89787,396861.6258,59427.38943,24954.61496,39152.26686,18510.15048,18201.58627,0,45261.18926,21055.38602,29014.84581,4604.36648,229179.0447,1883521.616,55913.84861,295170.5211,3419003.867,6969011.582,17563.22883,61658.12107,60935.43292,14796.34934,2279118.534,682816.3095,11654.21564,27390.22515,29978.21159,27570.08325,36359.47726,167988.1064,23642.58069,54528.7041,258640.733,162064.9051,38026.99303,37224.42506,169974.9531,122196.0809,133133.2966,68789.05489,45644.1771,19488.40658,33625.33707,257396.9457,601127.8493,305691.4023,29455.16,28422.31854,22351.15172,24017.85018,76761.72766,6601.236714,1483918.165,39164.72604,13117.55431,36672.78649,43035.40346,38226.66008,13150.9584,12281.88677,25920.46631,29754.23424,7229.736158,9716.588607,197492.0354,305263.7208,678883.3434,37439.76137,878379.0812,10163.92245,142976.4753,387059.9084,619762.3413,35905.33934,38560.95971,10911.34614,3139.85449,2570.840515,38079.46197,34599.71014,5044515.742,31741.74537,25819.97498,13233257.06,41074.86999,237009.3271,2886.766137,4863.056416,15233.73666,15799.80963,28963.13372,238030.6441,39591.03321,610879.6888,205104.0997,2716128.757
025dil_rep2_2ul_4_pos,0.25,2,1,2,22,10179.65015,47650.79176,512729.4285,41038.55649,33999.04844,3185.730903,53111.87578,2610.790859,16893.8024,5994.760572,4709.036307,11056.73944,2962.099219,38543.4558,23143.05622,0,1853.650275,42426.178,5513.930284,21561.23039,81674.33385,3384.97876,17253.43816,2412.824476,23969.8479,8377.51848,23988.56463,13823.33374,178266.1899,14962.89454,55712.86707,24756.71982,43135.27877,71192.91658,13095.73944,35067.69329,10018.64363,270310.2823,8450.376589,32412.38087,30930.38172,95241.33049,7928.431666,4501.220091,12390.49155,1281009.562,4117.756297,13407.70326,6529.441613,5853.550305,11577.88516,13407.70326,21297.40103,9903.246839,43246.40582,663935.034,6397.567142,95418.05317,53625.87586,25702.63814,359666.2786,330062.4327,15264.05456,1876240.65,103117.5676,14338.03265,42783.59778,91627.25205,2744999.348,34009.30385,22425.23338,47359.01794,13920.69481,27963.9657,75150.56822,684227.8825,31672.48002,531172.0664,32256.91893,224707.8379,1715517.758,34924.50069,72007.76,7647.185733,196692.7898,622911.1034,197876.8068,595858.9019,32436.81545,327223.2868,48390.45079,8506.76372,18811.48156,647570.9316,12990.29924,49516.39045,43532.70438,20102.16797,29279.00435,9429.921374,197869.5311,1479120.42,52167.40567,229329.8982,2722594.345,5407890.206,19635.71456,58382.35066,54741.8274,13170.89109,1694454.353,618762.9136,12383.45136,23845.12571,22959.26105,29705.69563,47092.68802,151039.1494,21749.21622,51888.52566,224049.4265,135509.9895,25822.4248,28655.99424,139222.0095,87852.60831,108598.1376,23060.97913,33506.57647,12955.64907,42926.13568,219544.4885,512729.4285,233566.6335,34867.6796,16073.90638,23882.72189,46749.26347,41774.13854,8769.140787,1318056.174,24029.34945,8543.488887,31259.99363,33891.3951,24767.6672,375216.5109,12572.06299,22962.422,27188.93202,22654.65811,34040.54334,157017.5912,279281.9287,528606.7189,60722.15786,771006.2975,8439.197088,91086.36189,316317.7666,567780.5993,36351.88777,48807.80862,38661.11107,3821.893016,2894.922463,35454.69964,47250.73304,4356009.636,9790.782399,25131.91974,10710636.26,10766.05253,191701.9469,3248.714919,1805.505448,8305.509681,13297.68925,22278.37481,205885.2168,39513.24489,528977.0687,165721.1352,2554636.381
025dil_rep1_5ul_1_pos,0.25,5,2,1,2,97679.5179,252228.8232,78644.31067,1331888.144,190358.6221,0,8479.955861,31649.20668,295475.1784,38803.30038,44727.75163,114201.5273,27400.36845,37028.99569,93875.5777,5240.679111,32847.60046,16708.77406,24463.81924,90986.54384,265868.5464,23163.62687,82093.89099,20576.6295,71710.64078,51184.09484,115338.8206,69435.6215,39451.32112,78348.99932,246716.559,168259.5383,325285.3844,184526.7333,43314.08471,191432.6835,49690.944,1807062.723,1025445.653,119865.2009,108484.112,611055.4897,64075.55642,58886.35461,88747.68342,9136230.438,41739.89686,48369.93483,25890.35843,29380.5847,64968.69633,76569.74676,63483.63134,82024.25663,76270.84503,4947748.107,21054.78226,321217.8371,64031.68818,34092.75067,931659.3889,964428.0224,16685.79218,7622330.767,256260.6155,25525.47483,136035.6311,216973.0796,18884135.67,22281.4702,60187.45094,85126.54625,31028.10656,56443.82534,210023.8766,4030821.956,70200.98918,2493998.431,137292.8729,588385.7951,11792516.46,37932.98179,88973.68099,31075.26396,211916.4432,3991160.062,1437137.988,2605863.125,79672.04136,441695.0179,115027.3338,40264.48988,47773.67522,4874722.98,31946.40806,172945.5206,110314.1755,78551.28914,67081.89703,42514.80647,477590.5913,8573621.692,113758.1675,1317485.584,12672534.98,28453780.81,23365.52765,86134.09617,131304.9273,42931.69725,11756498.5,2420547.898,36187.80198,42850.03355,51989.55826,55105.00989,76198.75628,340001.7266,52084.33195,134105.9502,568642.7742,666131.1362,70915.50923,77593.77271,498637.3621,406479.2662,788879.3024,105193.6445,115917.222,42036.53145,105946.3141,1053607.518,43103.77722,1512885.692,73779.25815,67367.66236,272979.018,32847.8717,114673.5199,24053.86569,5237842.658,158942.7849,31448.7743,92873.9859,150438.6713,154932.4753,2951335.685,23716.16645,65081.94434,60080.25749,38281.39935,42169.27574,485088.5112,931432.0724,2473435.256,214856.3223,3278289.913,39420.57637,253867.6647,8560479.314,1997719.945,28840.89336,30561.82471,27232.67929,28519.0774,21417.75303,34135.79888,40268.53096,15168812.28,28145.88454,51785.9327,41098911.17,118570.1063,817577.3577,47605.23196,15255.11316,47744.06244,42936.65119,77369.49732,427574.8799,105715.0616,2360042.405,800145.3572,7021195.686
025dil_rep1_5ul_2_pos,0.25,5,2,1,5,299505.0929,152691.3361,1182797.463,75602.1644,132189.2704,420.0960572,24323.14219,8488.524564,109484.6161,18597.59197,17563.94498,56662.99486,19247.47844,86856.8694,68492.41452,3013.725956,9096.556238,31803.98446,22346.57081,65175.48388,203225.7664,15219.10239,61026.17202,29693.69685,44693.30466,31153.14058,80176.28118,50226.34529,24695.44969,53886.6527,159127.6203,114534.4554,206267.3415,203779.5801,37958.43253,110480.1603,38815.77521,1030509.834,695449.7533,97308.78876,73930.98746,400333.7788,44391.18585,39135.79161,61910.85399,5823656.294,34512.05038,67482.06511,42144.17747,46658.79461,33429.33037,48409.69213,45968.77071,80391.60572,64225.38572,3314691.888,17261.18444,277096.0563,62208.05876,37630.57884,761693.2379,930415.1545,21883.87545,5672688.359,218908.1808,24167.33978,99658.30048,220399.1829,12962655.6,78772.82456,54872.87797,75989.14749,33454.8945,42022.99617,153840.5072,2778297.763,65093.1192,15939.68156,100751.9576,450834.4086,8045772.227,53850.10896,128544.3106,25945.59124,326646.0176,3011193.118,878195.2927,1900785.123,71682.05891,472770.3489,108406.7959,29169.14741,50943.32058,3017545.77,34668.9397,167563.9349,93653.26844,85632.48893,57149.10641,17413.76812,410766.7457,5582343.143,76216.30958,945592.2509,9185986.382,20562640.92,25449.28051,94239.91611,111301.515,29938.4097,7178063.935,1849322.637,26964.75207,42800.66582,45776.22027,40256.38828,55193.40203,264978.9954,40168.51692,148097.4415,436573.443,484224.7884,52954.17451,70975.60342,429512.9573,373589.5905,416634.5092,64480.54446,87916.99276,25919.00734,95977.7434,675212.3649,1327729.016,12470.6716,55781.38991,57812.12733,163639.6552,59612.4192,139555.9759,21995.31841,4279888.623,127152.4575,24129.3773,75530.33251,106466.7863,102709.4359,1624023.52,23690.41966,41548.03973,54881.22616,5630.232021,30861.94191,363732.3514,679821.8589,2026870.125,87408.62556,2504542.609,31420.69996,905931.2282,950297.7146,1491922.792,22318.87685,28091.34072,19585.63299,21484.63905,14996.22049,23146.38447,40299.49576,12304356.92,23398.49649,60729.0572,30178764.87,78208.96452,616772.0353,34969.52705,14686.55252,40373.40035,32748.17191,64498.59733,378169.3782,78698.98479,1727945.611,537029.6249,5906657.275
025dil_rep1_5ul_3_pos,0.25,5,2,1,8,288596.7131,109245.452,1075524.739,1027848.38,85031.64102,661.0591549,31397.57735,7862.667864,68807.04213,11597.01494,14248.75716,42900.38512,15442.14626,20204.0485,56439.11928,10767.90784,9078.046778,6628.53583,12981.60996,42414.63439,154059.9403,11338.32564,43826.17967,16175.98898,38572.63797,25321.71884,62950.12034,38427.63697,586969.2818,48967.28386,124609.0345,81290.46296,161208.2772,168487.4405,36639.19383,87653.95321,32042.11031,813143.6646,534377.1794,75133.64945,56522.58508,329776.1466,43602.79022,28186.12012,57927.36088,3971751.486,43636.37624,26767.42914,32390.63464,27241.71409,38830.29822,46456.58464,39936.38982,26040.74456,50602.57803,2347379.592,34213.29934,219392.4999,61596.65187,37911.49489,691335.7731,871411.3594,20214.81694,5125823.598,178042.7686,16367.71109,82418.41415,196609.6202,8968210.609,68742.26005,45295.32001,63757.29347,26323.79247,33665.74317,156771.2198,2411804.375,61324.84709,10183.73904,72289.18608,395882.8503,12364.06664,67689.03165,139366.6404,16489.93389,347156.6068,2292926.427,591836.1962,1622183.338,58966.92151,498310.1297,94584.40926,25888.01442,42599.43797,2415818.437,40126.29039,129747.2658,75536.98413,69763.77678,48029.52657,38724.31538,381916.8319,4694255.429,97096.09066,783518.6068,7681858.398,16545285.89,21697.70412,94782.75533,96437.6537,27305.5675,5657117.297,1420196.728,20996.14413,34559.922,39410.00921,37894.77485,76660.61355,264936.0594,42921.96346,122504.4674,445319.9311,389309.3175,51790.03809,53084.26153,376518.6754,342873.3747,339947.5847,75913.02153,70969.24206,32997.94275,77109.35819,563503.7002,1075524.739,747780.0372,48038.47654,50464.38369,124193.2467,46359.01978,128974.1921,21882.21645,3505617.077,128923.6991,18999.75335,62835.54008,95610.45023,91233.50448,1239297.294,19524.69268,45905.1036,41107.61437,40392.83983,32692.40536,316942.5306,621320.6449,1434170.543,47357.32532,2186745.604,29758.23539,773936.5254,802273.3811,952256.143,42337.855,46265.51376,19373.47717,15831.67678,7036.690256,19523.65692,26287.35519,9903949.794,16811.01009,58313.52254,25360375.16,65659.41394,490357.8491,26219.86634,8718.850225,23830.2327,28605.24823,54981.67598,508025.4534,73070.35151,1456378.308,449447.6442,5760248.959
025dil_rep1_5ul_4_pos,0.25,5,2,1,11,24866.77052,102649.3785,945416.2512,58661.14537,61107.39851,0,51128.43392,3810.927355,45846.36452,14412.00948,12282.32452,31199.63059,9346.820332,42849.51118,50238.17163,4978.948813,8233.182852,28134.67362,11362.06246,32066.35338,118270.4949,9317.421749,40242.36966,12173.85158,33185.79527,23357.62934,57589.25287,36554.57261,23096.81446,35896.03291,140132.424,68927.90215,98710.47208,137707.1498,23513.67921,70065.037,28393.22434,596500.8746,430328.7697,51371.64576,38383.28613,224530.0257,19836.83706,16759.10223,32031.04612,2976074.002,14036.00966,30169.22095,21816.82046,15195.97259,27051.56885,43766.89648,32965.2215,13302.01779,47683.76533,1702739.661,32013.62511,166566.77,47745.75553,35498.3331,612694.2068,732407.3976,21552.57402,4241970.74,148811.7454,11654.33635,78160.18047,165072.7252,6757291.793,44201.13286,36563.67719,71451.33803,23627.40542,27608.3681,140309.1617,1726808.332,49654.5398,1389958.186,69795.94323,359202.3376,4802208.209,56563.62154,136840.098,14504.16536,374044.6402,1580990.204,487079.9978,1236700.268,49878.37841,508509.5119,74441.5974,18992.55242,33393.1967,1645168.332,28051.3751,117877.5122,69363.03047,62349.64215,49204.99173,10350.0988,315355.3228,3788587.408,32461.82181,577696.2608,6183975.777,13237078.75,14715.80201,78311.12001,94958.64365,20300.52701,4559975.84,1133874.82,16098.5156,33398.31074,47192.33517,34188.68562,64239.97599,224229.801,29844.25959,79064.93628,370852.1404,289211.2352,44917.61796,45647.71796,302820.1187,266069.9317,237881.0871,56645.51424,58135.91863,25879.74349,65061.18557,439884.1001,945416.2512,511096.5415,39220.56788,33229.41269,127016.5308,48421.97735,115686.0384,17130.09344,2664089.191,100862.5246,13185.38696,59449.50343,65038.73297,63990.72503,944307.4367,24356.06024,36401.13533,38977.64251,10380.25201,32500.36951,314639.4739,558169.0983,1169085.026,67774.59111,1927420.439,12210.73093,689239.6596,699403.8199,1155717.586,34792.37954,34817.26843,21330.0608,8369.336556,5924.172817,46860.61939,56070.7968,8379699.892,25790.4386,43466.33856,22717213.67,51507.83193,444359.6039,25431.09605,5037.11821,18758.8552,30485.09149,40419.23976,404667.2086,41846.81093,1109949.471,363321.4119,4689691.905
025dil_rep2_5ul_1_pos,0.25,5,2,2,14,119506.1108,231705.9104,1624903.703,1535381.641,242529.2523,4192.886006,221199.5665,7870.43508,89026.47954,34442.96491,25489.06503,64810.70066,29540.70947,15110.60984,82994.00475,6032.074946,22020.59169,11875.18893,28427.0447,75613.55387,243441.3165,21885.9948,73231.46636,24852.83907,60414.89751,44357.35001,103714.8205,85772.99376,37998.61737,83906.89202,203543.2545,158665.3551,255706.7601,138454.4385,47539.68629,151088.4613,51623.87308,1572558.378,1154141.191,113507.6298,96668.3679,614400.9015,70827.50926,47679.13307,97923.80237,8181682.916,44310.57923,104638.1886,30628.13899,42870.44893,51948.48333,129865.7414,53609.12245,80405.95331,74140.23778,4841551.66,27201.63148,293535.0662,66964.10072,37651.84804,829597.4939,1036278.11,27166.74289,7067568.997,241692.3542,13571.85816,123544.9025,221794.5747,16957350.05,74160.59328,59398.28881,81527.13647,35617.5698,57626.13273,181104.5914,3818453,74918.62287,2687625.589,131445.5663,487468.1195,10482.32626,38463.5078,102002.0825,33409.83731,224102.5835,3894728.65,1190214.705,2449851.925,64414.35525,456426.5943,112318.5635,45374.97108,41821.70299,4840277.827,42182.79957,194523.7755,98993.42612,69766.0244,73375.92724,40161.81911,456387.6884,7657978.633,100050.0962,1198568.255,12290315.23,26200011.83,27038.95477,103826.0048,126924.0732,40003.93892,11315349.8,2366982.452,32335.21546,27112.91891,59943.99165,48327.15649,66267.19771,318275.2712,40291.91247,149418.1655,243580.6812,560217.5433,73185.93921,77578.12473,514344.8258,410967.4719,647576.4108,109243.5518,103546.8253,34366.42656,112693.281,998734.3325,27551.0806,1530743.058,73328.63191,81551.75159,226636.7071,77054.25799,174055.493,25860.94031,5235626.13,191069.7864,30812.21054,87092.08853,127767.6018,125681.0309,2638050.209,24010.97863,58158.42785,64004.87046,72330.37727,81611.52615,478503.4383,833828.9853,2135558.286,145467.5543,3259235.054,35001.23096,1058924.713,11617106.29,1436736.874,29899.67335,27039.10218,29359.27045,30239.87101,22941.4133,33137.59494,48558.29359,14656117.15,27563.03248,60788.43925,35999406.79,99948.75916,765906.8358,40043.62804,17035.75731,47815.03016,37617.96657,84067.35696,719993.1338,80582.98828,2103842.917,723377.3971,9209727.224
025dil_rep2_5ul_2_pos,0.25,5,2,2,17,44042.84453,160752.4722,1289642.546,1226615.202,157815.7044,1537.842656,135589.6353,6495.202412,51472.07348,19312.39378,20109.90787,47800.98297,19050.20879,21924.08854,66009.98594,12662.70551,8072.015669,9021.16763,17628.23609,63441.63087,200152.0294,11714.97951,55474.08756,15544.72741,54183.51122,33264.08248,74575.19594,51395.13854,767471.111,49105.77422,126685.2019,98971.9984,164007.3332,178053.811,51238.68691,105397.1135,36459.11076,1007791.516,719786.652,81274.50926,62807.6242,392473.4744,36861.7333,43452.8359,66796.98224,5226359.082,43042.74338,36732.37155,45816.84417,35548.79205,32846.5003,80847.97973,44398.36081,35066.0884,63660.78275,3006196.091,19268.20374,257203.8052,46159.93391,38631.8377,755263.8655,995922.1831,14688.46318,6581954.043,231302.4063,15128.78921,92711.54684,203922.7673,11353360.21,33403.53587,51948.81167,68958.03103,30654.94677,57903.97362,167701.8189,2867100.247,59602.12426,2175256.181,96339.17701,455709.8741,9130.856449,59078.41235,121584.0636,35142.46896,301910.3935,2884519.694,786439.2654,1823983.412,50626.51148,522480.2482,103554.1018,48559.97045,33694.25981,3074691.058,30674.85941,168142.9583,82821.61022,81174.1349,69689.05764,34698.32737,388435.5432,5632438.99,96004.86903,934737.5805,9354533.972,20065926.67,25819.45635,96449.99524,108152.43,27036.46301,7407139.195,1685443.404,21269.02372,35009.01509,49853.29707,30606.49986,65667.22249,284530.299,37287.7415,136713.7383,467338.141,449370.0083,55991.62381,67374.02507,414187.6577,349911.9087,428031.5899,62852.65488,82541.16476,32353.24804,80197.42962,672886.3462,1289642.546,1025788.305,48400.70563,46119.49231,170139.9464,42141.97189,147732.7706,26268.55981,3933587.788,145186.1774,21860.66712,78006.92709,111942.0137,100651.3411,1543976.043,18072.4323,46245.24299,48604.00521,34360.29049,8905.713312,450904.5074,715124.1138,1580743.945,101628.2052,2403783.576,27027.16888,884915.6061,838095.8602,926207.9288,23908.25604,22275.78961,23686.84646,16514.36742,13257.873,23172.24071,26407.57738,11359187.73,17980.70266,72877.61379,30247255.43,72608.93378,603733.4609,33344.56885,9712.585024,29279.7142,35207.06099,57371.94516,344785.5461,42874.22638,1587902.152,550476.2108,6385300.932
025dil_rep2_5ul_3_pos,0.25,5,2,2,20,43012.68394,115662.2249,1112002.183,92841.10664,92458.40643,3841.863667,127236.7832,5922.400519,53136.58974,15417.60302,19140.28319,36795.4937,23529.59194,107318.4037,48853.11056,1776.306936,8810.131752,43919.45495,16456.37041,48131.63453,166463.0755,7870.120978,40339.54765,10912.92167,36152.05468,25649.53342,63501.86541,35482.56423,17298.09899,41355.44798,106586.5243,89665.72667,126260.9944,91679.98417,26519.24284,90121.5416,26620.0765,771536.6765,549857.6897,62604.11546,69360.89943,307892.2236,30291.18603,24382.24536,45652.69767,4223666.358,27342.33393,33802.44684,17173.16261,25486.19017,43371.93308,55693.02805,46655.30823,45768.25795,51591.12592,2288738.32,34978.68112,219204.8677,69256.59758,40046.62518,638667.4324,826664.9165,12781.47612,4981709.606,226032.4557,16208.55796,88235.88976,148806.0885,8860914.288,61784.81313,45064.82741,82726.69032,20673.36871,45518.08018,139023.6947,2379613.929,59070.29909,8317.284251,92628.84358,368804.91,5853939.513,59797.62862,153314.8244,20413.74505,328378.374,2271507.03,586284.7546,1578118.849,56396.04634,536633.7666,101028.6373,36355.834,31298.0447,2395287.368,25897.0763,143505.3151,64072.63675,55056.6912,52017.69797,11090.45892,364864.0126,4557649.815,97769.06484,792556.4835,7135860.048,15265817.53,25149.82008,85099.41683,103340.5902,30250.6569,5626732.458,1521534.902,22718.31186,41607.21474,47751.02392,38251.52312,82535.51895,253549.0194,45145.55325,103459.081,409250.612,366756.3448,55226.76644,57733.72395,349219.6097,294386.8578,212642.2842,68051.17846,74757.05546,25511.66894,61421.77829,556921.5974,1258023.857,696797.0707,38405.7977,45956.84429,137480.1456,56889.37066,142634.7391,18102.84867,3567990.866,171070.6045,19582.64052,75120.72086,93226.85264,86320.20252,1197330.295,14399.236,40567.16533,46459.63365,6103.974384,63629.05612,422115.0523,580400.4837,1393898.437,81380.71239,2130894.144,23124.56495,833758.5844,725573.6573,1331246.064,25092.80539,25158.62989,30083.65509,15378.10779,18457.58582,21471.52836,32210.77821,9797886.935,25787.08596,64315.09036,24879588.47,42962.97682,499610.7475,7381.69973,7665.820065,28292.31928,29893.63237,46143.83512,511435.7657,54968.35652,1175418.968,432375.4395,5761155.578
025dil_rep2_5ul_4_pos,0.25,5,2,2,23,30168.59395,103025.7838,1017666.582,1055571.362,72181.78377,3153.506235,118720.7265,1172.427665,35451.47068,19290.91164,12107.86627,32503.19088,12737.60211,22609.66988,45332.288,4194.471954,7233.313868,56720.13839,11334.29212,34415.4554,169137.3177,11240.26616,35948.75724,10569.13426,31225.00642,22193.14321,48988.25687,33544.97784,16403.81787,34458.65786,70385.44314,66244.1444,88452.11189,140762.1653,24937.03563,73035.27389,28356.30024,646224.023,449103.1596,46666.68524,45489.72389,221147.8324,22677.68929,20606.78107,41677.7176,3042525.225,22678.27549,37343.87913,30230.19527,21955.51395,17136.3982,49227.33757,37987.20618,35363.4713,49894.00445,1853391.432,34714.83196,212433.1931,52354.09342,43456.39934,574740.4487,683296.9345,14448.3411,4116762.019,187466.5038,17211.4585,76256.40867,171923.1045,7039622.137,42985.74796,37734.87651,66257.94247,24728.83927,36597.50204,118725.5083,1795012.609,47418.74627,1369158.752,68702.1769,350789.7407,5003674.077,64923.76606,146252.2684,17924.51363,301356.0395,1755643.358,479550.0437,1279384.53,56050.43432,524937.8544,74558.35971,37098.08469,31455.46518,1796938.831,27132.66365,111160.8326,71302.00475,56985.4099,40879.66835,161346.6459,332247.2818,3415541.729,102679.2446,651948.1294,6262741.495,13365783.71,19965.19306,74096.84467,101662.8963,28442.29239,4791817.554,1236243.261,22207.61515,32826.51931,50138.90314,31431.92506,42189.60794,221011.0446,35610.65111,101445.7924,366690.1738,289496.4631,55984.3648,53178.83003,303066.2226,216416.4271,203825.919,103835.2518,58677.00043,24013.03668,56715.09008,494759.3577,1017666.582,524583.3009,52850.92721,41559.89613,119223.5297,41035.27452,113905.3804,14538.9849,2797591.035,61930.92828,18151.35824,62626.92642,87499.16795,57961.32302,927769.6792,13398.14617,42778.32089,48275.87882,24758.96736,33688.51516,383051.7825,512137.7212,1057275.482,73367.53461,1792949.981,20422.18716,718617.5293,669517.3753,1114405.258,34211.46219,48692.89593,21268.46703,11075.77257,12915.83965,25144.22031,31621.22621,8592679.636,25010.98379,52736.68122,22971175.95,50229.18344,388477.0343,9545.174146,10590.79992,26368.83583,26937.88788,41845.43647,451457.7934,42790.73166,1124759.804,402373.7923,4802765.197
025dil_rep1_10ul_1_pos,0.25,10,3,1,3,218997.6111,187467.3991,2086497.668,2495058.954,265392.6752,0,11511.25356,40951.6304,324788.9595,53368.10384,56231.91398,126778.9007,47116.19957,27854.07206,159177.6998,16774.68475,27774.30199,45966.62175,41767.25054,123230.9533,389630.0861,32088.99395,112550.6291,33523.19534,109470.7022,77515.44189,182542.0304,90371.73033,50181.6798,135759.0488,423297.4303,237933.1008,509723.2035,235294.0307,67397.51646,241859.9706,62793.51697,2958277.994,1702232.57,160787.6009,131176.4213,1038734.847,97487.85702,70742.824,133959.3941,14616712.44,62566.89071,86743.75944,59017.20899,51088.90086,79143.75844,97504.09895,69018.7681,68871.3415,87825.64168,7094137.695,36128.30767,436475.4461,87932.31994,28393.1231,1041597.362,920155.7223,22104.32933,8387085.96,286760.849,18035.86064,133353.894,267633.7013,26297456.15,91826.10008,62756.4039,93853.43999,35788.57405,52118.35484,230007.0199,5383115.288,70884.44766,2897697.71,184244.3032,613539.2638,5840.521067,32246.82402,53393.03664,39765.79697,161839.9475,5810949.002,1951465.241,3593083.742,86530.257,386833.9958,148856.542,63472.80222,49252.5291,7776511.57,42948.93561,152938.2321,133366.1151,67745.73137,79269.29596,52083.79014,562375.688,12238845.44,62220.49848,1480522.165,15373199.56,35229388.88,29556.68125,101576.8432,165922.2168,52825.84705,15707457.43,3135562.096,47570.1348,48994.31259,73136.59813,45642.64991,83757.35095,363241.0686,37091.01192,225017.4509,622935.3083,942552.0532,94649.54808,100780.7192,769561.2645,539651.6713,1238649.609,134284.3172,121205.4911,52362.62475,132546.1766,1501547.356,64879.93422,2567872.887,68535.44167,87272.01962,235081.8968,85217.02753,241585.7819,55092.7394,7946873.367,320640.3239,59443.53568,111575.2159,246534.0399,196299.9052,5188266.361,23918.59551,49009.02184,75597.18069,31080.98294,87609.77333,612030.2945,1427939.272,3397800.428,177858.9552,4671631.337,57118.87616,197661.3077,8043988.085,1342112.302,25805.70281,31890.06982,43838.93446,30985.29322,35032.8715,54749.6825,31855.10695,13403173.82,44853.21315,62255.31572,56340436.85,178523.4321,1173441.178,24122.30869,18095.65428,71127.92973,73091.64418,148954.6,1267756.974,104462.5427,3946299.893,1239493.095,10964223.72
025dil_rep1_10ul_2_pos,0.25,10,3,1,6,88832.78298,123702.4184,1087308.672,1372351.129,147456.3533,1162.795534,8322.53848,8235.607783,95771.26892,20698.87658,18973.79609,53410.61542,21595.02742,11881.52325,87498.53225,11169.38304,20637.56859,7141.049192,18027.71695,65869.36468,218694.8326,21343.87151,72079.92485,18255.81468,54298.71435,33660.38343,86580.67027,57487.18722,24094.77892,68701.14782,170329.5457,125574.2807,213331.6348,208022.9827,39019.37549,121430.1127,35403.9226,1120283.649,738677.0411,80874.12132,77928.53465,426864.8899,40289.28839,43831.63403,72503.17965,5865563.085,47099.5611,62586.4206,32915.36236,31830.70854,29427.93255,54916.3961,54020.47838,68779.74181,79860.86718,3742540.1,24556.79972,240349.97,52455.83301,40953.87826,809016.8766,971692.5601,14581.05905,6345463.53,213130.6269,24903.35254,100996.6034,192297.3212,13106674.14,21772.90993,62176.42527,76306.68224,25468.68193,41377.10404,173057.4386,2924929.596,64324.31075,10477.35865,101631.1584,476754.0297,8521104.056,55611.30906,126289.8411,21280.2947,290777.2105,3317574.278,930639.0863,2000952.332,72893.89017,486349.9617,119003.1516,51463.04834,50198.03941,3332507.799,32310.36467,175199.4583,90057.76713,69015.4726,56277.13955,15910.19308,404952.6458,6373307.667,68908.71566,1055354.66,10375030.93,21892636.95,21623.11811,95023.977,128323.5572,28291.06139,8245138.459,1966083.926,30440.53587,24442.86983,49932.15567,32803.09446,65515.65948,279567.379,39380.38282,159654.1236,267047.1047,490026.0503,59050.59657,69713.29489,504661.6043,429086.2695,510774.706,64010.05759,84198.11858,37318.60695,103826.9678,801456.97,18475.07938,13191.16919,58295.02249,75429.25885,161087.7702,74157.86456,162616.3349,21942.49754,4531999.659,186285.2034,22652.67234,79113.62017,125828.9423,125419.8875,1845082.226,18497.84466,48123.24122,53658.96924,37470.85026,27607.17522,375313.4428,834653.9821,1929967.513,118012.2298,2855480.767,34865.42507,946629.8783,998371.1514,1610949.378,40166.59716,50492.46616,27350.44929,21545.57353,20919.09002,25524.40896,29559.95712,12469190.04,22326.0345,70648.72672,33777087.34,82352.0143,676888.343,41685.9803,13469.96176,31134.93426,39478.43924,59382.1897,710714.1822,17608.86566,1851154.33,541977.3807,7164694.427
025dil_rep1_10ul_3_pos,0.25,10,3,1,9,329993.5552,91462.08192,2188846.892,1679135.507,146564.363,337.0236719,35004.54975,8464.569175,101023.6962,32572.59091,19082.18107,63635.1285,28289.41631,80961.83718,99334.97058,3489.382822,34083.7726,23701.31621,27644.45662,78195.11307,262123.1763,20314.12592,77993.04746,24633.21007,60396.59753,43087.50432,103381.7478,74535.81117,34899.50495,80057.67973,229517.4768,137783.1827,254700.1043,240697.0331,43276.63076,135273.8388,47961.50457,1320264.184,839770.0437,90373.78909,93161.39316,497250.3126,52595.62757,41302.28475,83341.85056,7107152.748,54895.39404,66614.91971,21652.66313,39118.05048,44264.62843,108395.5014,63722.85588,37229.57108,65049.23882,4383340.366,24101.48723,270439.839,63716.0607,39222.43596,827014.6567,1057485.878,13018.83771,7074166.144,242347.2069,23651.98032,105906.5316,261296.5635,15048561.7,72172.77539,48412.39668,92898.08104,31485.457,48430.89856,163949.6612,3283896.727,71169.95629,10233.38298,112264.2165,512138.4298,9924630.958,57036.51173,122659.5392,24252.47499,270431.942,3668084.621,1083295.693,2281762.489,74158.34592,473167.3831,112156.8972,41201.84901,35463.81581,3869318.171,33680.58062,178224.219,95854.63621,103829.1202,65476.80078,20464.0108,421744.6063,7751535.958,97160.95953,1194592.444,11864990.99,25080596.96,24774.84489,96429.09145,134969.667,41887.75339,9828727.517,2173347.213,39240.17433,36416.16502,61308.76482,41998.39232,79579.69033,296585.5726,50404.1957,207820.8552,516728.4219,570758.9968,73298.3072,75547.07272,609802.1206,481823.3879,606623.3565,81844.65293,97123.28281,33411.59994,106352.8662,946313.3036,1771742.849,1303513.703,48156.92271,81922.14083,180166.1767,122634.2683,203522.5586,27529.17821,4566664.149,243268.4984,26917.32972,94799.05594,141501.7745,144806.256,2353637.54,19327.1639,52298.40502,58477.92412,45201.01438,47618.84836,440533.1087,946194.9534,2395954.835,141784.2801,3473290.578,34089.63847,204500.7291,7553640.921,2024084.291,27481.07365,26217.92191,35090.21457,37977.12434,23796.88683,32084.47938,29546.92018,12700919.75,32032.75107,60003.64117,40901511.36,116533.1729,824726.1411,53208.52193,13068.28746,41441.03239,47844.29611,99669.31566,814166.8705,76668.51157,2349943.973,701244.6751,9447993.128
025dil_rep1_10ul_4_pos,0.25,10,3,1,12,111301.8447,85856.92556,1763480.549,1527125.025,86458.69952,0,48492.05557,9260.379587,80288.43233,23532.72928,14440.90008,43569.71911,16700.64728,32731.65092,75164.41185,4478.904411,33550.06937,19125.60214,21700.37687,59863.66639,246218.955,14092.06157,62148.89564,18724.04236,51686.67365,26986.81175,86033.14648,56926.30774,24871.75104,55735.22432,184077.5069,101449.574,163962.5104,170728.3449,45890.11036,114881.2277,35297.62812,1007969.364,665269.1613,69904.65667,71307.43249,372555.9855,40908.43423,35955.06992,64144.93135,5323336.568,29137.89257,34443.53871,30790.91632,32668.0896,29782.06508,53100.61683,50327.7823,22932.84404,64750.66761,3354397.152,10205.22879,267441.7845,47906.00086,31222.87541,757365.2395,941606.2661,15717.0053,5891199.95,216905.6509,19139.78035,99853.0587,168528.5218,11857353.94,61143.81713,49692.58577,81339.76777,24337.32236,50196.6315,164356.1554,2716112.265,51964.52481,2052117.888,83079.2886,495445.4851,7936049.298,56999.10815,147714.9139,20813.34647,332692.3919,2939997.945,830020.4179,1859373.378,51314.82661,529486.2639,111731.6912,56615.14142,27153.83177,3149009.09,25207.76863,169356.2954,86869.39919,84996.36247,54659.37856,40569.03224,389628.3103,6270294.969,97222.15005,948742.036,9561090.455,20443295.57,20418.33114,93480.24666,125728.546,23589.48394,7583462.627,1775771.953,23632.7545,42513.46501,50572.45796,24871.76542,87198.82799,272540.5165,39471.52004,173594.3459,460961.1523,429956.9168,44793.48227,66188.69886,444031.5214,439792.3743,450131.8981,59426.22753,74234.88779,36162.85383,77392.19292,638257.858,1603217.8,923890.9737,42184.72006,73374.38498,197162.4413,81393.34953,165675.3459,20290.48771,3601722.209,176714.0129,15567.29789,88998.84602,126343.1046,118591.782,1652945.277,15029.94756,42870.00851,42200.77819,57787.87796,17638.15699,382868.2135,809713.5473,2100866.497,123183.0612,2731884.624,31196.10784,1017323.189,1000654.504,770734.9053,25360.5031,24063.67389,27366.78055,18116.6826,8384.34264,26720.87862,36414.17511,13701881.38,25017.91945,48195.09797,36701032.92,98184.38389,708103.0433,45005.73324,8469.667535,24853.79017,45356.69818,78481.59551,260906.3444,73824.4695,1877613.212,490320.2493,7715486.748
025dil_rep2_10ul_1_pos,0.25,10,3,2,15,407648.6281,168305.1181,2531262.381,2237466.613,370147.5447,4179.234026,173730.7507,11322.21423,128564.0483,48375.13138,29608.84952,77811.67071,39179.46352,47947.98939,145713.9553,21047.34892,24937.57937,38370.84489,37947.19214,128563.043,361014.6927,30615.75475,117797.4559,32165.21111,102359.117,69971.70581,161275.6514,97239.60138,1915322.511,115880.2083,339967.2007,206566.6334,429391.3168,191951.8652,74179.84222,247180.1108,59782.56798,2649193.254,1732276.345,157652.7522,129712.3664,906826.1917,89310.7156,72323.16276,147793.6761,13743862.45,72103.59929,66172.09572,44257.98092,43123.45134,68311.18935,109077.4229,68492.9856,103409.1833,80233.83708,6612769.412,42385.20493,344386.0366,97703.91683,31316.16256,930358.8564,986667.346,24829.286,8496498.845,276593.1847,20689.95506,131748.9277,314731.7913,22643673.46,14755.48892,64116.17157,100206.7011,37025.24541,64159.95977,238065.6951,5166101.88,66723.80516,2869552.2,164846.6882,605613.8385,15460938.26,39035.78129,78657.5589,25955.0214,169677.2548,5537131.575,1842558.996,3241516.896,77621.98832,387453.9134,126281.1554,58168.98594,49392.19025,7195295.43,52913.86496,183351.1577,106043.9647,65776.96168,82571.05408,21584.82971,517860.7297,10988012.09,85777.80887,1575194.516,15268333.24,35083425.11,26235.90243,88657.10412,171083.1014,59262.74646,15085631.07,3169278.897,39080.11932,54959.16106,72945.18794,56186.36053,66726.48975,341888.4671,43123.83098,191363.3165,583907.1755,881304.4714,92082.788,107862.0801,753594.2907,497136.704,1279760.5,131465.1184,132501.6226,46075.86067,122887.3987,1425591.872,56352.37514,2576789.59,70669.6157,120290.8154,313636.4106,116551.9199,272273.4903,47699.56131,7331904.933,301504.5504,55554.3501,117070.6059,209687.8031,162268.2746,5005978.836,22783.06195,64921.10576,74100.89937,85777.20294,38571.33283,621562.9406,1382226.077,3184655.296,227417.9597,4539986.807,50592.9063,1399880.764,9429728.122,1480290.619,37360.3935,42320.08398,35498.36631,37340.38821,33387.00397,47968.8104,52984.89698,19454226.73,43489.34836,67916.29292,52805429.02,179124.0344,1132591.27,26203.22293,32250.04803,66365.39569,63261.5287,114205.4137,1157974.891,148885.4094,3639483.371,1234429.017,12112193.26
025dil_rep2_10ul_2_pos,0.25,10,3,2,18,389081.9873,124686.585,2331877.882,2041607.182,237329.9869,3453.601614,188132.882,9723.072459,106475.1083,35815.29215,37576.39644,67566.09961,34529.69189,35654.42082,113406.0155,15557.5134,12908.1674,34256.15533,35201.00743,85532.24823,296036.7533,20933.61364,90986.34012,27623.0442,84864.46979,56410.6472,121530.2966,85323.27648,32093.58056,100814.6084,210187.3353,142442.5831,299405.7773,255175.7802,53797.48336,173150.1613,41501.91273,1763357.018,1164259.482,151754.5923,95688.30319,731746.5896,61318.01366,56751.15793,105132.8329,9114581.763,53184.95827,44657.51631,27473.70437,36749.79124,60316.76216,83336.18622,64247.44554,100713.2262,90983.87979,5041965.429,22814.78652,363063.7467,77074.44077,36248.31624,955913.3818,1018344.532,30765.9729,8082650.536,263217.7792,14440.22621,116673.8718,261782.5792,18042581.12,70228.88061,60010.77714,90763.91622,26488.46992,54173.33151,195858.7745,4158456.514,63762.54126,2633484.38,138229.8816,556406.4886,7555.901958,42047.4548,112426.033,39373.24314,211537.0677,4593550.023,1338456.157,2629308.755,76074.4256,456020.9191,130530.7495,45749.02805,60133.92696,5181233.12,40225.312,184275.1962,108729.7074,95411.1214,79540.08501,48852.34994,496133.9245,8815320.135,110734.9058,1279638.525,12755505.83,28867907.98,28540.07811,101226.1916,158784.4839,44968.42387,11956336.33,2525769.598,33183.86057,52146.20228,60779.7762,38029.08679,85207.6617,313078.2632,40015.72065,183808.9254,535552.89,703595.2031,70909.84509,82774.83151,658004.7003,467594.4639,825831.8098,88264.27138,101691.6555,39233.49252,119477.438,1086283.173,1860972.923,1850905.57,65385.81982,87614.6308,254241.7346,97760.68257,220989.3406,34181.99651,6031735.188,221127.2713,45346.47413,105382.6096,172740.2355,150071.1354,3203216.814,29285.09302,66736.69634,61229.83589,98834.64245,21114.57864,547723.3447,1092650.944,2355868.666,175822.7602,3644413.171,39745.33178,273184.3415,8017392.831,2267457.893,25448.27172,28644.02245,33199.43832,31188.80701,28942.42298,38470.37159,35469.01926,16658619.61,27375.25995,62569.52611,45063736,133479.6663,907152.8434,44549.85247,21575.4665,49116.58477,54457.79713,88463.44374,528810.399,104240.6898,2867368.342,958467.7032,11054700.51
025dil_rep2_10ul_3_pos,0.25,10,3,2,21,127829.15,91244.7315,1988755.625,2369915.1,155325.2933,17895.25578,232069.8051,16317.08313,87747.92736,25843.77223,29351.43983,56167.33592,28973.18656,32707.3694,88323.2333,16263.55773,14078.48157,25933.24657,27573.26289,78499.11932,270488.4704,12117.01415,74092.18228,18567.60525,61411.77582,35271.08779,105085.0391,69843.5381,23206.45088,73814.42235,221108.2158,122438.4108,173909.4784,139448.6589,43224.86649,141471.9667,40910.06315,1343601.954,835160.9626,86999.29411,82517.18918,552266.2026,52898.22926,45770.03638,81955.60947,7156304.102,47556.58633,76066.42479,30616.01926,37624.45284,43904.61025,114212.2602,52154.32534,91016.25926,61467.06511,3997668.684,24505.30182,318772.0579,50092.98189,47988.20331,838633.3381,994600.0586,19774.45901,7768320.634,271754.8272,18357.07123,98275.67905,254590.1145,16216042.3,71988.22484,51730.38098,87618.18026,30501.21891,55039.28305,172714.2997,3567906.279,84532.16309,2593150.047,121449.5985,495417.7834,9883427.971,57103.86375,131190.8249,33654.94763,242852.0884,3858915.522,1165752.708,2254928.447,66643.18867,518606.3572,109625.8461,42662.26249,39650.34337,4110931.587,39440.83493,171422.6156,108662.7298,75375.29407,63228.85647,32762.64842,448926.8584,7471893.728,108856.7852,1139003.198,11525718.99,24639298.2,26584.12321,103602.3144,150453.4816,36881.44384,9705828.911,2121751.552,35694.78999,33265.11234,67145.49998,31023.05047,71545.21052,291592.1304,46953.11585,188939.087,488445.0129,573461.7104,57177.32228,74828.80788,567687.1198,411731.4961,571973.9914,98655.83234,108588.1547,25089.44592,108838.1012,829071.353,1988755.625,1300522.329,69194.90138,76449.73813,182796.7117,78061.45384,164550.3442,35169.73454,5143310.298,132454.3962,39113.00186,94267.06536,133992.8684,126019.6236,2464073.598,21332.31899,52670.78931,48885.42903,10377.31604,11130.30788,498045.1294,952827.42,2019292.973,146425.5284,3184766.571,36567.22738,204522.5861,6659013.445,2045686.925,29265.70249,27887.7289,30219.91646,25934.16369,26104.17754,31614.2434,35613.03343,14732541.25,26101.35278,56631.91572,39979651.56,109630.9591,856550.4513,14421.48532,15214.11596,42841.59503,53641.76205,76357.66704,462078.9046,26362.54479,2374155.885,774142.8648,10157361.99
025dil_rep2_10ul_4_pos,0.25,10,3,2,24,118370.1546,76702.26425,1973510.131,1782974.09,103571.9906,16374.74979,193875.5357,7435.928899,71416.42127,31053.1858,21751.44988,35270.26847,17356.59911,39886.0282,86335.7648,16184.80275,20150.04869,61058.93951,21558.3798,62355.09623,208532.6733,14352.84698,58744.03634,13850.60613,49517.34966,33052.31241,83311.77194,43438.98747,864138.7232,63040.87999,136762.0328,79005.57499,112188.1076,175026.4144,44261.06146,118065.4228,31306.02133,1080646.602,680139.3898,74737.46416,57939.23659,416494.5864,39297.78681,28767.20945,61038.4028,6225526.34,37510.61181,62323.56537,17108.62164,21502.60933,37405.27659,78519.53745,50589.45751,60112.78158,56536.28565,3450646.155,12568.70313,289108.0456,61361.23622,46844.18505,761297.1739,864653.4367,13304.42765,6298118.609,241987.4274,20051.45172,96537.06267,212533.5302,12875218.24,58148.47786,48417.77345,79318.33179,31202.85225,46333.34402,170721.1912,3131075.2,57515.50881,2317086.597,85292.78728,461204.8082,8292365.989,60263.88948,139242.8621,28470.08737,272517.1868,3023194.644,828267.1396,1930506.901,66801.49055,491307.8313,110994.5673,34661.71813,35744.56306,3302213.29,32112.457,769.2162186,84634.8115,69018.4422,57552.00827,197846.5799,379177.7167,6320075.532,108270.2522,991955.4862,9682410.118,21061036.77,25074.41646,94046.06304,127416.1805,31654.84899,7991660.669,1814855.169,24222.70165,26051.96601,32695.91495,42164.34096,72576.20187,270315.3168,39599.61993,155140.5453,454762.285,484779.6363,52719.34413,65479.73629,469909.8801,329593.9692,498943.294,92090.65521,69031.05389,35354.13249,71568.5356,687972.4128,1849046.275,1024683.35,45747.26516,55943.78896,125873.3401,58223.88645,153074.9843,19440.01459,4572234.327,141934.639,19068.23562,85445.87021,123771.8994,92749.84943,1820127.096,14064.67387,49082.56167,44335.9734,6982.666535,24186.57888,485698.8798,858231.8506,1729085.435,113387.6748,2723822.013,24188.72923,85138.59463,3686380.281,1782660.184,43430.35723,22785.752,24170.57052,22110.5003,13346.8549,27257.718,42406.25143,12799482.6,22425.16922,51468.23164,34650885.82,91430.82376,709026.1908,29539.34863,14337.13987,38023.3928,41058.52254,58509.64983,727053.1909,17925.19469,1927770.105,549238.2366,9333460.318
05dil_rep1_2ul_1_pos,0.5,2,4,1,25,444730.1382,130696.1177,576997.7826,676525.054,630963.1103,5461.10813,133372.1577,4129.864839,42436.14686,17287.22032,16210.12474,39623.7105,15429.71058,123401.0851,52084.67095,4462.822165,5831.454574,54533.92958,15792.98999,50974.2152,156475.227,11074.81718,44543.6255,14773.77407,39014.64184,27465.57439,67767.69688,46729.69035,624769.6022,45422.51254,97629.66668,89587.61373,125643.5922,153203.3417,40405.60553,101365.627,34688.32138,828467.305,599259.7698,73020.48649,58866.60723,314793.314,24781.29208,37178.39338,64756.58499,4161949.013,45148.80625,66715.05951,38251.83918,37664.5342,27690.38422,68957.53093,46813.48158,39540.61767,61417.43482,2393562.891,18260.44037,239619.7227,53441.62529,34805.15052,689098.535,977921.1477,24024.05144,5899323.062,210412.3673,15152.13515,95076.25692,184900.8896,9205343.67,626479.682,44874.99677,63344.343,27882.68431,50471.88002,149945.338,2394348.396,51185.24248,1826371.31,94498.60509,419421.7823,6347538.706,62317.74922,137545.7189,24289.86072,293091.6205,2328652.473,618620.7891,1477213.488,63492.39245,491992.5269,110289.8253,44850.85013,31107.34647,2511205.458,22965.41995,147443.9236,76581.60318,51939.46896,51649.36249,296920.2864,344302.3583,4642756.501,79692.71455,791254.6561,7731604.094,16537682.88,28426.48753,89452.83462,98360.88851,32672.43757,6349167.327,1321579.955,27180.90251,40476.70885,41760.51428,35563.09885,59646.28606,251952.6178,39112.45649,114971.5941,454573.4107,347746.9118,55033.38214,49098.13874,329141.6716,251145.5362,354144.8254,57053.55451,70869.82255,24413.15628,76890.10283,570362.6651,576997.7826,798832.1728,54875.91303,47992.85034,146896.2432,105231.0138,123392.4693,18725.41933,3131854.151,45122.62195,16987.4618,67543.49988,73781.0201,75523.51968,1290363.011,15147.07986,43952.06065,37731.93615,14570.19546,31299.04735,315689.1497,528516.5239,1099871.301,71766.44957,1768584.238,20830.41357,800957.2132,707605.1809,1353958.243,26304.65957,49183.80572,29345.39121,13365.32842,6340.356676,48950.51426,31652.41919,9435735.764,27557.12703,42850.03172,25419784.31,40040.39384,413356.7431,15100.82862,7626.37962,26050.38514,25573.19954,46325.07574,445267.8092,42281.95438,993448.3865,439419.7315,3670921.266
05dil_rep1_2ul_2_pos,0.5,2,4,1,28,30892.62595,91819.98955,548573.5616,757943.6096,254823.2327,9517.923818,118023.7297,5129.791105,42443.40436,15793.60924,13568.61983,24919.81675,10241.45777,30191.70502,48182.00692,8711.422655,5291.271528,24589.43295,12842.05117,40782.33051,142681.2902,12452.77718,41348.56995,15118.13415,33024.11608,21448.63228,50856.91401,37644.65676,21312.29294,36454.27595,98639.78237,67470.54596,103550.0062,122941.9291,31519.86641,77770.18701,38140.1446,745571.8933,570319.0548,60402.2956,53080.3913,275049.803,51756.19204,20594.73446,51531.76605,3236951.353,47910.87529,56921.66057,33203.89545,21603.50938,36984.7372,57059.17931,38085.57888,39088.08708,58603.00579,1982342.897,27125.71555,258238.6877,48462.14773,40719.61709,579393.644,872487.9827,17303.46325,5124815.361,206238.4341,19663.50469,82933.67249,139210.6771,7607543.788,57372.57224,38475.46295,54576.97048,22862.0328,41900.34381,121421.3848,2076897.799,58322.73855,1557333.099,84297.34893,355535.0521,5080680.481,68459.67782,127324.7428,24964.85448,297506.2524,1895550.882,483808.8288,1349058.926,55125.4178,511024.4217,82932.4468,33368.11073,36828.26865,1859829.088,35635.67976,134546.101,71693.71383,55074.79097,44382.76551,81046.74356,322665.2411,3852370.431,83413.31537,686493.1499,6385137.838,13694706.56,21632.50238,76949.11471,86248.31358,22845.04358,4993652.402,1265946.369,28230.84085,38862.5195,44582.11413,40418.5364,71755.05902,221586.669,39624.07355,95228.78802,387837.0333,329155.1241,47334.27679,47217.35604,273217.4338,220455.6638,257909.4566,49543.05919,46829.84122,19550.89422,54908.10562,513957.2819,548573.5616,684356.4482,38672.68571,40442.48996,112992.2211,32870.88218,94592.92858,17163.56267,2467784.054,54849.7503,19704.30421,56307.11391,72887.3886,66953.81063,1008453.507,13537.75739,30514.73497,40306.61202,21130.99559,13152.76558,316771.8325,492524.4695,1135761.157,67745.30801,1602952.707,28253.70717,698905.4374,9204594.005,1089968.946,23248.70546,47889.9657,23498.1097,12800.63705,5127.88913,44164.81617,39385.8745,7930555.233,14223.83246,48097.33986,21289903.75,54034.02208,419421.8877,21759.22456,7874.807377,24411.5347,20905.50472,44229.51684,368585.1143,54092.09393,1024114.814,323492.071,2768689.132
05dil_rep1_2ul_3_pos,0.5,2,4,1,31,331224.1292,101090.5218,479553.3449,579674.3338,188160.5452,6041.14211,101301.4902,3218.17942,31361.23616,12119.3446,10466.88984,20223.31914,11276.64376,135238.1068,41757.973,2784.199486,6082.738114,35800.82593,10016.49466,44165.92336,124527.2125,7770.607006,38467.84305,9220.955877,28626.56468,21104.98618,52719.35009,32378.93498,540638.1023,37336.29857,85902.34834,65492.03922,86276.69761,127683.1256,41472.68114,72022.02745,32456.40171,643863.1006,508351.6969,48980.70316,53109.05784,221430.1998,36411.42123,24196.18331,53758.74854,3297742.936,32476.07271,46169.94854,35073.56731,26018.10654,22372.16902,30392.11256,39016.04797,28582.97123,48990.65758,1903906.926,17513.52598,170594.486,45038.09791,41697.22015,591087.1346,938374.6954,21964.24833,4660217.366,190430.1901,15485.24616,83245.20504,148864.4399,7018462.396,406630.4686,38862.92518,56975.34459,20950.75567,42516.55333,134896.672,1788686.96,49679.32226,1533181.608,80796.10448,350206.5828,5088769.95,64417.74651,141931.7467,25348.36297,298095.6733,1806738.854,504888.3863,1239387.579,55204.74967,532480.9421,72777.94312,25232.58362,35413.363,1760913.366,23072.49782,145670.1722,64157.53275,51216.80322,54059.42423,170275.1492,342625.4421,3624279.175,80206.90977,647534.0841,6276166.464,13585941.55,29826.73977,88623.24528,90804.62881,25295.12445,4738101.314,1145474.146,21147.42249,32388.83526,40235.62287,31147.72088,53685.55525,240988.3822,33686.71677,84550.11717,399811.0352,288191.8299,41966.44635,56056.82427,295569.3975,227188.1162,244577.5563,46875.76256,53679.17057,22972.12289,62601.1731,456872.345,573833.5266,621700.2176,53381.70529,38760.10012,114519.5398,38640.90135,97806.23997,14636.62751,2759513.206,58281.76108,16965.78347,57138.09377,68153.12328,59984.37575,960500.5453,12567.21001,47763.78594,35598.51323,30707.78314,23322.26076,283609.3901,517066.6121,1136005.065,69400.55626,1648378.783,16389.58224,684195.3425,598501.8296,1110505.622,29210.59239,23071.87964,14832.67128,10364.6206,9908.931393,47281.56287,25801.87447,8286648.023,27752.9747,39996.42878,20147373.52,35431.19387,417354.3512,7929.550241,9091.285721,26849.09442,21820.01001,42714.51985,415500.3783,25046.87038,1051234.068,334534.0938,2638622.768
05dil_rep1_2ul_4_pos,0.5,2,4,1,34,29670.35722,109005.6102,483264.6381,587069.1354,63284.68425,6803.324338,110769.2257,3440.295623,37521.3708,15234.5356,9532.2501,26710.68131,9637.924334,108838.6754,44966.51827,3449.490718,7613.380123,8847.658064,16441.91929,38900.02387,126456.4302,9786.032774,33033.61883,12665.57245,28589.84658,21078.05065,53676.11223,25593.74671,468509.5398,35684.97746,72631.79981,55699.30324,65230.22463,116148.2311,24511.8599,72344.51159,21235.9691,626204.4343,452169.0298,59259.74492,47679.91021,212343.5238,26187.66987,23661.92998,39209.48387,3124720.951,26750.31717,39271.1746,26434.87781,18551.9688,28962.59355,37109.64899,28411.53944,23209.38824,46047.38549,1705061.555,17564.95007,173287.2558,44438.31801,32958.8065,552765.7602,805709.5782,19944.29017,4526386.582,164683.6144,18146.2305,71817.67577,166428.7472,6481661.192,52972.23305,38854.10096,61784.13431,24022.09095,36449.79508,105973.3545,1873089.717,42899.64325,1441605.899,75116.68709,338872.3904,4395325.583,61761.87905,133988.6108,18668.72016,281024.1597,1681374.856,468356.2521,1195265.595,41248.74421,496099.6907,76420.99029,30135.90729,34305.46726,1611215.038,25437.81391,119224.2994,62757.98902,42063.46799,45023.87321,32495.31268,322934.6678,3182355.809,80464.57527,556748.3759,5827626.125,12524774.78,23255.09845,77929.08776,83946.33928,37405.44203,4450267.174,1151820.07,21210.26222,30081.78352,40617.8017,34004.82603,63137.10803,221176.7446,29346.50893,82553.73012,362088.0039,263364.8426,45071.37801,43601.75042,276627.7559,203683.0398,241632.39,53167.62055,53205.45389,19003.59755,63779.62813,458783.8942,8449.382745,577327.0981,54081.18941,40912.65113,65395.45518,34966.88478,110133.22,15882.34436,2233238.467,45455.11205,17924.35141,55177.93019,70079.39741,43107.85837,873449.3566,14548.17613,46644.25924,35140.26147,15255.18347,15728.48253,326750.5277,489320.5669,945804.2812,79052.15999,1492125.868,17353.26207,683236.4039,580058.4931,1079169.78,43397.7377,42062.94083,19845.29544,6396.229125,6537.731568,46549.31255,31154.0024,7688181.295,24527.79211,50286.33479,20912484.85,113063.8102,395617.3379,5067.697847,8794.644474,22917.06225,25759.11834,46110.40973,364238.9103,41955.64878,1005903.575,367978.2015,2270723.624
05dil_rep2_2ul_1_pos,0.5,2,4,2,37,408325.7735,162939.8723,605228.2048,572073.0529,439911.1487,11144.40242,112078.8209,8241.819235,41924.39532,16055.30892,15578.1512,36955.22884,14396.73544,160888.0282,53307.74023,2751.051712,7362.836519,88150.46282,17837.74493,37209.443,140459.4074,10854.8713,51674.56632,20693.02184,36976.46266,22155.35635,60097.87323,39051.95797,27012.7298,56057.72744,173357.0406,73994.57934,121249.6286,141714.7857,35558.33044,86893.83543,31743.08958,860360.3534,674710.1831,78012.53261,60089.43419,282927.9779,21622.5176,24386.90754,55513.77162,4327561.578,37401.54776,72618.38569,19464.83404,22010.91923,24089.31139,48792.38754,40527.33281,40833.12242,55329.89961,2342821.823,32710.05636,246348.5007,65610.24224,50648.24414,628933.1004,1035598.853,16569.03453,5626906.733,201945.333,20229.82961,89258.0857,179508.8976,8928473.757,49042.73564,36960.37466,58150.40377,25484.63846,44483.02956,147419.2801,2301964.073,42716.52687,1912180.278,89872.74338,432490.6481,6135756.541,61564.98284,130826.0841,26575.89199,274790.9666,2321884.069,641943.6652,1495147.553,53016.74754,531505.3834,74796.39448,27614.62425,32061.59333,2481616.075,39889.44059,175913.2563,72011.79341,49922.10017,54026.33055,32755.24689,346529.9326,4529970.181,76373.72731,783549.6104,7375234.97,15983662.84,29416.12336,74455.63509,91395.99328,30476.42145,5776905.859,1413621.412,21128.06865,43517.78569,44021.10707,36485.71121,69522.13198,229920.7009,40643.97698,103038.087,410862.3828,317532.7327,49357.32505,50565.18864,342662.5098,225651.9843,330629.644,111625.5531,62052.8085,29999.78279,76842.52314,565849.7054,605228.2048,850131.5183,51350.92598,39415.67121,133898.3981,32600.05181,115078.5549,21592.57117,2961444.16,172142.4407,19672.66161,70622.01257,81698.14239,55642.9457,1201692.253,17570.90214,39886.53478,37259.92126,18101.97951,39737.56119,321734.2207,529202.2953,1054832.34,75681.39543,1929382.823,23564.88262,795480.4819,650865.5876,1295253.629,32241.31808,16418.40319,29766.61645,11431.40644,7086.165059,46697.54812,20306.79313,9160448.669,23068.63914,51207.08956,23565576.07,69880.95195,461993.6792,13135.48973,15282.61334,30123.11761,17953.19997,43734.84706,369049.0672,13535.59201,1220215.925,392276.8766,3005824.974
05dil_rep2_2ul_2_pos,0.5,2,4,2,40,60501.44793,107293.3307,522442.3742,627491.2724,144610.9916,9450.230573,89717.04497,7634.012536,39906.1716,14208.11688,16826.88367,31578.7396,10359.91332,97489.42982,50022.33296,5825.594913,8957.973093,77080.80473,12560.78549,41070.99297,158416.3622,9025.396839,39507.22507,15298.82207,31107.29004,22749.86075,69192.91837,39455.08115,516602.8055,43135.75911,83087.99333,85061.56965,94760.48001,146302.7367,32399.37797,87282.45897,25537.99046,696516.5763,565512.1857,69167.23593,57148.11871,271160.0014,26243.56524,23587.5714,53357.02915,3652431.667,34402.3952,60046.01195,35557.94266,23965.87504,19466.95047,58356.69457,31085.03801,30500.3641,51363.79313,2121315.878,31450.70155,226055.3079,44509.00237,45543.14556,642253.1993,1089523.67,20088.07209,5717196.259,224070.5333,21722.9959,87377.7139,196594.6644,8063675.647,48380.90441,31433.73065,57563.83626,30378.19093,45147.05492,170552.9129,2189627.321,60192.14012,1824439.13,78450.35675,375024.2274,12114.117,65945.75059,149008.9541,18112.07359,284900.598,2083150.324,549998.9613,1312541.968,54751.63712,555738.6537,81400.84799,32117.22977,32750.59362,2152420.342,37763.06897,165591.3479,64807.60001,43674.25437,40639.54017,213555.6426,341895.4489,4183204.138,78561.24129,746509.5562,7101554.998,14924755.26,25402.85456,86954.58651,91231.7039,28239.42942,5024099.461,1229513.699,21140.4272,40121.50964,46927.48208,23710.01989,58619.71021,233024.4181,47045.66992,107689.222,158559.6843,336408.1062,49581.35496,54152.79342,307778.9917,241623.9566,285575.8928,108020.0027,55694.05358,28966.23877,69845.39445,479837.4767,607830.6681,779626.9202,46200.21387,50028.34907,89795.32993,14539.93436,137207.1829,21946.62271,2998198.955,52346.52729,21265.87083,56805.5903,88566.85648,58400.55774,993491.0967,19350.73071,36417.43916,43848.71283,11882.80936,34323.73528,330222.4721,549638.0108,1192653.799,70055.26181,1656531.582,20796.73396,771432.0661,672435.3332,1199981.556,26181.77979,45360.88203,16389.61139,9489.449705,10228.10457,45150.84457,52914.16629,8434503.559,25583.34195,40480.19278,23284803.37,76514.4349,454262.7856,23200.60135,9405.128781,26117.02647,24766.12613,45345.9561,405787.333,53434.95023,1122998.734,367091.6413,3561141.654
05dil_rep2_2ul_3_pos,0.5,2,4,2,43,42343.8493,113064.7233,585620.8948,544181.8741,64687.4468,7398.316239,74648.27463,7327.18865,39065.65117,12183.3124,11049.7073,32122.75209,12757.10271,141634.6071,48695.39153,12202.27456,12551.95101,46905.86868,10632.71966,41472.69022,107422.1887,10967.23359,30471.64137,10380.5846,37270.9184,18759.30599,51355.65415,35935.51097,465331.24,43050.02682,72218.12493,69536.90003,85510.13903,117854.6463,29460.15247,72260.3758,25995.04803,654792.1166,534480.4027,59443.41665,58404.20431,241166.8259,33344.82075,17233.97323,47039.37635,3325959.498,37968.23193,53505.78477,18990.69471,21354.5422,22987.63166,54718.06315,32516.10539,40220.22991,54731.91514,1889323.471,20957.237,208038.2043,62474.09877,45333.78965,574222.3054,1022104.805,15344.12608,5368589.18,211399.1664,13915.36962,78916.09265,164977.0162,7358924.434,608390.9478,30556.02514,48454.52459,23537.37288,52208.00006,130012.5981,2006294.412,65103.72623,9469.926572,77148.35744,357952.0457,4867179.373,66955.94795,138867.0913,28950.62669,253878.9577,1906873.487,608370.667,1222868.825,49494.1897,537374.1633,68911.49391,23917.31263,28896.11831,1935033.311,30805.82022,151969.9647,55423.29436,51822.45047,44219.37978,23887.42583,315988.4068,3748217.933,76578.21447,672274.3482,5959759.308,12888191.77,23615.79115,72583.87558,97299.90954,22710.00728,4658799.409,1147781.469,19825.89754,32089.29894,29808.75845,30377.4948,65281.14173,229247.9316,34493.99684,86913.39427,376127.7694,306516.9748,43789.06727,50125.28676,263104.0997,218766.93,260130.9703,55196.1736,55409.42101,17074.65262,64774.70272,454324.05,585620.8948,671318.5732,49668.62082,48779.63493,127787.9446,45571.99186,103722.7902,24131.57798,2880496.76,94000.47502,20741.02726,66157.79761,81888.34824,57994.72375,955248.8422,12932.26354,37891.52782,33550.54204,41266.57667,20767.7146,341203.9021,493014.1695,1003339.069,66676.52542,1683764.267,15965.0472,722567.1258,608030.9323,1138218.497,23693.81028,45462.20781,23796.91415,6514.284158,8769.54336,48273.86296,56258.38985,8210882.272,16182.05484,48976.95231,21847944.62,57987.66999,443080.1883,8727.162323,10976.91109,23345.34685,24555.65753,49159.23107,391544.3774,28168.5509,1060781.163,386143.1302,2506789.374
05dil_rep2_2ul_4_pos,0.5,2,4,2,46,207018.1863,53358.3337,330054.7389,294642.23,29564.33712,4535.497846,26594.83935,2668.057578,17284.98577,9639.408462,3711.952746,10851.81968,6810.31891,68021.76941,26418.93668,5692.841822,5306.275981,34176.72719,6133.298512,24272.80315,65595.08936,1473.864927,21519.00139,2090.220577,14458.90274,11027.92722,31579.64968,17206.12829,238006.1691,27150.49041,67525.55957,26194.51223,34079.98678,73064.45367,12524.07208,38661.71953,12574.3977,322082.1957,265494.8705,31395.20449,28054.18758,111268.5291,10402.46959,2497.351726,17159.24349,1575151.823,9973.445373,18485.50038,12181.1051,10908.26001,13737.90236,19197.95857,21892.10325,12741.27381,29341.78451,780210.4803,580.6440095,113425.2737,30090.01672,45664.11571,402926.9207,470338.685,22682.45846,2497805.923,142949.6177,12103.34851,51729.57778,102427.6793,3293567.082,34570.83025,19990.20192,39490.93173,17906.59926,37882.18406,101902.1481,897638.4374,37613.02156,10099.91447,46303.48288,248109.934,2197829.819,46742.73825,99090.0546,11133.8222,189422.4931,782700.2949,227188.4965,699080.4291,29274.26268,404921.0419,63280.65997,10982.739,29666.91556,774348.0723,20771.38605,2488.580768,46892.80503,19334.8759,31497.36672,83899.45787,221758.2604,1765124.168,51591.09554,311025.2505,3206189.345,6537634.948,15896.04204,69861.35581,65617.35138,18285.07407,2125203.629,712353.8943,18210.13126,22325.64089,25425.54126,21366.1373,49023.2419,150463.1868,23950.12999,59584.90899,251317.687,157184.6748,23817.65758,36701.58357,157421.6941,107192.7124,120876.8851,27787.63933,37622.71276,22610.64756,39488.36536,229621.574,330054.7389,317301.2331,19053.53734,24351.27752,59453.91724,18471.51064,58252.03006,5390.880791,1524051.718,43498.70746,8115.243326,36439.8789,36737.37824,34217.12702,445918.0482,8755.060098,20391.29372,19770.03703,32542.49275,12488.38859,222164.3501,322705.9185,571584.708,26297.69815,964971.0772,6967.582563,177735.5889,344445.8273,601372.8346,39945.19598,50637.45254,18403.78002,1356.299162,1004.569614,50387.97473,20293.87036,4871533.938,38599.34559,26930.25299,11999847.7,69040.04876,236889.7266,2369.39482,1851.112655,12533.11247,13592.51556,25055.07673,219133.2751,22117.77118,607732.1535,208779.1259,1417020.883
05dil_rep1_5ul_1_pos,0.5,5,5,1,26,182872.8668,299827.2492,1328247.718,1264171.183,360885.8946,20081.82574,284486.9975,14249.55075,108246.724,36266.95196,34373.32485,79141.14205,29757.86464,41727.3338,105388.2295,17496.7816,15426.43569,187964.624,25434.24284,123050.1744,351324.6689,23095.80311,109362.7997,29326.55641,85074.32916,61899.26684,142607.5137,91915.24005,1662629.245,106544.7911,275329.2339,187186.8703,317535.4214,185177.5994,65067.51956,225710.835,51194.72813,2161042.231,1685302.528,151504.6688,97646.25096,744903.3115,70435.81983,54334.05257,119452.3284,10389751.51,77791.22861,65291.80657,37808.4136,41233.48765,71826.46738,103167.3912,55814.23921,95860.0565,91662.4578,5558874.537,27461.87081,317479.2971,87488.26882,39492.2977,973677.9083,1073724.671,23713.92637,8499755.848,307250.64,29580.45205,125382.2908,283310.6998,20218762.45,952435.0046,58211.31769,91707.89194,34184.80603,62948.79547,215539.8783,4531785.002,79834.14782,2980109.439,163193.7253,577713.2081,12357867.13,48141.19697,91996.5107,37295.66489,187394.1535,4773588.935,1681127.347,2995524.659,70472.67418,452181.0437,137897.2093,47349.26943,48084.73148,6112358.674,50431.49108,217729.1625,122268.82,55378.02283,75929.52268,430346.8515,459390.6048,10101545.71,101713.1021,1464455.32,14367320.94,31345504.88,25863.55072,91827.14772,134234.4368,47871.14246,13574021.75,2786888.766,38560.44398,40483.02297,66637.41046,36534.19022,80542.26241,316194.9478,37282.15529,186300.7245,565310.5738,738320.4629,84150.68351,90912.6751,626888.4482,432563.8221,960057.4171,124000.9771,108850.4451,48499.86351,102268.2266,1229366.501,1328247.718,2023893.668,59591.96425,104003.2538,233847.575,96440.84131,223671.8675,35008.76304,5351523.609,224373.5023,48832.10669,112392.4819,180172.3685,150207.1476,3928812.28,22850.42069,54781.56142,57995.05627,67563.53726,65727.13156,525526.2594,1085459.847,2546916.909,186959.224,3937363.447,41437.38098,1283206.267,10593262.9,1725792.595,43364.82757,33797.42231,40531.0985,35645.61784,23299.13138,38151.38614,50369.78942,14575310.88,37217.24439,65644.47276,46821093.61,140066.6312,829512.6599,19427.56821,19867.13316,58797.47374,56323.96819,105332.2846,794880.6568,112823.7057,2870156.442,1024571.118,7446640.112
05dil_rep1_5ul_2_pos,0.5,5,5,1,29,111653.8726,266775.0603,67349.58092,1161678.924,341893.2863,21984.0063,252788.7808,13024.73328,92563.67744,34531.98518,35354.44521,60839.73886,30431.23642,330162.5143,102247.2068,22801.64131,21252.45309,163171.3316,31313.63655,103985.6687,282969.0416,23371.54731,88776.63362,23178.35947,73293.16945,47971.04045,114437.1665,70595.05123,1400456.098,92959.5994,224669.6513,146194.6054,240296.6686,235191.1405,56107.34876,180316.4631,46120.56013,1814464.281,1336749.799,123640.1186,103970.1916,693444.5183,55788.51573,47754.10135,141746.6436,9121305.709,56688.79462,59324.52938,32836.15735,32090.3171,55715.09031,91389.64612,48676.91308,82578.93659,80943.12586,4956148.155,29350.05635,315712.6998,70998.77923,37492.34522,915445.4378,1050931.458,23078.48479,8393254.381,302770.9514,27236.23818,133375.8888,280044.6549,17544914.9,84289.5932,49331.68224,84459.99395,32230.49645,56199.8618,191370.9103,4131279.008,63957.46813,8693.690982,154536.4922,498904.5775,11874392.64,45771.89591,110114.8638,41740.18614,199159.5408,4373131.145,1293477.308,2564604.539,65477.63061,459287.8396,123500.3865,51581.16526,44782.62671,5408094.427,54376.82931,201500.8155,120394.2644,65728.74435,65236.74409,171542.2227,484559.3576,8409316.446,99227.77102,1348045.512,13163770.99,27994922.77,28115.54631,106779.1657,150066.885,42512.43087,12395626.18,2563142.678,42380.06792,49840.2156,64233.72219,49972.51368,74842.72313,316292.3187,55297.83767,186351.908,304768.5127,670063.5636,73261.35176,80104.19956,625007.4369,466533.1309,744627.728,109054.2773,103325.8524,32431.58548,90378.69913,1019765.268,1182631.855,1857169.426,78417.11916,89658.60065,216474.6583,131845.8374,255631.7453,34770.39172,6103066.867,207030.2594,42371.4398,109563.655,169887.6469,129487.0433,3084715.216,26010.78341,48170.67341,62972.16528,71090.16143,44351.3013,516534.1706,1022283.564,2685861.132,161070.7782,3693460.161,43487.05121,1222563.781,11280241.76,2308095.17,38958.35431,36149.58338,28609.12363,31286.89821,26205.71159,36095.56603,41095.75054,16671259.31,33947.18132,85456.01864,45269914.67,151051.5785,769122.2812,41833.77804,26379.4682,49059.89987,60434.31988,88360.76736,915989.8238,86527.37539,2612794.924,772564.1798,7698187.539
05dil_rep1_5ul_3_pos,0.5,5,5,1,32,139045.1748,238017.9421,1042803.823,68894.22255,250284.3591,15006.92359,249148.9346,9933.520653,80463.56208,26593.29778,28904.38675,60693.34774,22787.07692,50837.73123,95284.50457,20977.77027,21620.76367,52714.71935,30278.20818,96795.20932,295102.7945,23560.02103,86756.18052,25147.13707,74928.53375,45386.4722,110974.0029,69475.56183,32555.24763,88788.20582,233152.6711,119483.0059,208917.0006,252891.3057,56414.4553,159648.6037,38322.89231,1620550.523,1232076.254,111222.588,92766.50931,602972.7403,51963.35965,40340.64211,92029.51548,8388481.199,71467.06576,126446.7767,83167.02014,35324.16983,49200.16742,83864.71645,45597.46607,35087.19496,89643.27272,4550516.251,23261.20167,340122.3159,74272.26828,34734.16196,942330.3012,1143668.421,25660.42982,8273228.826,284980.4427,22148.18708,114871.83,253098.4717,16815038.48,83275.139,52879.88785,79545.60028,33189.49062,58043.39269,175113.2664,3939610.759,68842.30593,2739781.906,142330.3229,529862.0339,10475.41021,51440.02852,115756.9141,35366.00736,217643.7819,4338630.114,1241608.184,2460825.209,66289.17576,477640.4523,139750.7323,49862.35495,46717.2202,4826936.423,46245.64491,205396.4969,101104.5341,63569.13565,70752.13154,36300.60586,477078.6438,7827463.879,105559.99,1238056.241,11809432.5,24902103.21,30357.03097,103099.3346,137166.3543,52012.33661,11596218.12,2318233.629,35491.52141,51567.7798,59397.65874,37018.601,82340.13492,326353.3673,38374.19703,154739.901,516898.4371,610932.6992,68693.07772,74851.92988,593649.7417,457641.4078,323359.5413,105706.3755,103313.4322,42222.6854,105454.2871,1011626.952,1133392.983,1851444.863,57612.1018,81510.81416,242353.4136,84715.8875,245731.5871,39614.81253,5991904.27,193770.9947,43337.70403,120760.2082,150959.0203,136995.8723,3000008.986,29218.23626,44342.50761,60430.96179,84225.47339,55305.99564,538783.8886,947867.3913,2305111.895,151497.1946,3393692.022,36973.12203,1206847.113,68194.83581,2183064.984,31500.69329,33097.43351,32871.15196,28213.62301,28816.86373,33314.68905,65363.95386,16238084.24,29940.3886,76811.9055,42300363.06,134268.1987,868874.1014,46448.44226,25735.06976,51074.2899,58627.87474,96918.55105,711196.0775,134322.7873,2291058.391,721605.2006,6123618.386
05dil_rep1_5ul_4_pos,0.5,5,5,1,35,115360.2038,211897.9767,1029854.414,1096947.592,136785.2006,22465.8482,263288.3997,9522.125317,63736.83365,27883.14791,29232.93764,50301.36368,22130.27517,278868.0768,80332.98059,14292.61151,22052.69094,22456.42509,28461.55317,81708.39124,266582.1421,17254.96421,75012.86131,17788.26636,64206.3998,41004.43241,97139.9317,63471.3383,1165236.052,68417.63448,167673.2684,102499.2284,132388.9839,131468.1746,50040.39364,124814.4973,47487.79433,1487745.843,956279.9228,101967.5328,75781.01039,558467.4005,47561.8086,40319.89324,117283.1447,7319652.64,62051.53668,108506.5465,73000.37449,32420.42476,55029.31767,121466.9814,48307.35487,34460.83452,63587.19889,3993562.524,31810.59394,284193.9704,75018.1124,47133.6613,765628.8154,1019937.469,14273.84796,7947806.647,282457.403,22442.19633,95461.06467,249264.1555,15934852.48,721546.122,43828.00939,74757.32578,29178.75499,63328.08072,190147.7644,3430207.613,77551.11956,2650489.905,118293.888,499043.819,9584581.527,55499.49833,122892.2894,31776.42378,205416.4585,3746372.984,1021239.826,2193519.715,70666.82709,513949.3536,101037.4047,34479.49691,47980.69803,4158652.52,43589.33837,190651.4287,98691.5754,60782.46328,62501.03197,247646.6462,426609.482,6827548.321,96645.85932,1125744.877,11190993.77,23906862.89,34115.3682,88795.85626,132831.0669,42844.6456,9512579.035,2008373.333,28766.87513,55823.63132,53473.93276,51521.40956,72287.03317,273938.1353,43724.94015,153657.4848,491155.582,559901.0583,59965.78124,68955.00398,521479.8759,403433.557,624880.6525,76250.33129,80009.68335,31310.46036,98848.02545,851063.7244,23050.96461,1352373.204,56924.16105,78491.96677,207601.5847,93136.11635,211146.217,32338.19654,5349441.301,161861.6433,34883.43608,112630.8661,146287.4431,107230.6919,2332528.461,29201.60979,42411.02902,57622.07756,29418.15277,28760.74116,522242.4122,880949.6725,2157492.169,133304.2161,3153158.994,30232.11774,1130391.314,9809480.362,1923644.964,34752.93454,31047.88677,31139.89061,28698.58125,22588.63628,33230.94665,42112.56218,14040484.85,30683.17626,78587.56378,35947577.37,109892.773,684945.4234,36310.79181,14583.78712,49183.29061,43686.63523,91725.17455,819986.6118,67368.36875,2105964.609,712575.762,5581010.737
05dil_rep2_5ul_1_pos,0.5,5,5,2,38,275186.8781,323313.0155,1209188.66,1138937.478,369733.1612,24507.55817,205021.5266,11638.06253,109593.7772,34586.19696,30479.43331,66058.02038,34589.06625,47714.38294,123378.0717,23352.21423,18503.76749,223570.2685,32227.40187,89240.15413,333884.426,25983.37614,109171.9738,30482.27062,80716.12589,54113.79885,141677.057,107576.4851,1617603.384,121070.3633,267864.588,186010.4876,327448.5045,179206.5999,65355.07728,190903.2635,51433.22464,2073989.784,1854628.162,125196.385,104269.1817,750879.3544,58931.91693,60233.20481,136667.5191,10702720.94,80279.13231,68070.58461,86218.25058,37962.69603,65479.17526,107200.5673,48467.08241,77985.62578,81488.18458,5866144.51,36493.99241,317556.3259,81754.05551,39181.48288,949136.0512,1078852.976,15096.2337,8867864.199,289188.1944,16522.18906,127463.0417,266139.3156,19884635.82,81036.51665,48147.41799,73487.59613,31312.14941,76404.07464,190834.1248,4121882.255,74470.44783,3120314.566,172239.2305,547095.5541,13197.36287,44601.30616,99958.67838,37057.60444,161088.3317,4771679.096,1640860.631,2936232.943,68982.53876,476470.0556,152930.9151,47251.5245,46582.60527,6051383.664,44713.62852,241154.0623,113620.8043,55219.21559,70720.12742,361802.6992,512914.3793,9725452.658,95911.01851,1503510.698,14091962.29,31171659.16,22599.70752,95746.76341,143924.2978,51167.27474,13692798.42,2558905.238,46327.65166,48611.84424,59620.93643,34444.89412,96610.95696,308093.7879,51859.33355,184043.8494,280064.1064,685379.9994,77210.32024,78938.13689,699669.7828,431149.0197,914473.3696,108464.8148,107262.2214,42816.2279,106356.8529,1053785.978,1209188.66,2365490.21,77577.13464,106389.6718,289576.207,100443.3849,254079.4522,45528.56236,5906710.046,204170.6849,50125.23515,127020.8073,176588.7079,151702.9255,3795244.712,27244.63191,55926.10211,66682.51859,107032.0028,39301.94971,567331.5705,1055319.129,2316867.355,156465.549,3785525.169,43827.8706,600902.9568,13073524.43,2322541.309,27603.93506,32516.28079,29750.86798,28293.99299,28880.38485,38956.4236,60971.09385,16886487.74,35997.89004,68179.64342,46063492.71,139515.0457,1009262.816,49796.69624,25823.83687,56521.17175,56919.83912,109685.4233,1004465.942,81895.9336,2888063.464,900579.9357,6265870.975
05dil_rep2_5ul_2_pos,0.5,5,5,2,41,223181.3886,285808.5685,1214785.155,1190886.008,238551.6301,21916.75908,207309.4093,12247.51678,86434.38344,27397.40746,24638.02365,66615.44895,26635.228,364126.9137,100780.5776,20094.72929,27413.14352,96344.11287,24127.00392,99435.16538,279595.1995,21572.65163,90032.93709,20597.3347,78095.1111,48719.5461,132899.5697,71450.76148,43056.31693,107663.2049,227581.7232,163122.9522,261564.787,256514.9257,62483.13426,186345.0522,48935.13533,1797825.475,1430635.833,117154.2373,102239.7514,736467.6474,51183.33134,37716.87584,114596.2094,9179863.978,78687.27615,50014.80177,79432.77065,24296.37272,53212.13023,112648.7358,47635.46434,79536.53157,69363.75981,4997423.2,34496.79627,307370.41,74921.63726,43889.29135,967078.0679,1191358.547,20841.18316,9305829.044,335495.1078,14932.30933,123373.9695,270546.6416,19270649.62,81798.93126,48396.90862,76659.97279,30025.08342,64469.46655,197324.4694,4116997.638,69175.79868,3057074.104,164519.9962,537339.9942,13156.53401,44190.99364,102680.3341,40244.28634,179118.6567,4349815.57,1346705.58,2548170.602,84122.10758,491671.7214,121001.5845,58043.95797,57276.94851,5173098.127,53049.53015,224187.067,110209.0756,57217.92931,74856.01714,41131.03426,518621.0814,9240291.456,94864.67526,1327604.366,12551638.08,28469013.29,27441.06123,100528.246,138939.7917,45845.55135,12248499.72,2566393.428,39314.82108,55090.557,74993.23567,28486.82535,82131.53597,347232.7085,46413.44587,189500.9098,495041.4649,623200.7418,77722.39201,87554.49048,607338.3373,458845.8604,854020.3963,114572.6907,101890.9442,42703.74685,109315.6677,950168.5866,1214785.155,1968909.47,58266.64201,104541.4824,264518.7545,78755.34997,270318.718,41787.16,6323361.746,205701.9128,43017.15162,125925.0024,180842.9892,139007.0121,3071525.9,26168.42097,53212.00816,58969.18195,107984.8528,41048.17277,551350.4184,1090204.433,2339748.508,154745.8761,3628396.722,41759.56082,828088.2664,13714932.82,1889043.968,25506.73618,34723.14434,27607.24346,22562.81042,24966.70637,36519.38842,61137.81072,15997780.44,32501.47034,68384.51938,43570479.56,129528.8043,958331.5489,43662.55964,22547.05527,55536.8038,57368.02738,93655.338,789440.9151,103122.7307,2612409.894,760847.1,5853558.876
05dil_rep2_5ul_3_pos,0.5,5,5,2,44,168050.4103,184571.9704,969396.9169,918172.5666,143355.6338,14530.8402,123084.65,9403.221417,74790.763,25427.81187,18491.48115,44094.42802,16738.11707,264944.0983,85744.89731,14251.81912,27097.33149,154350.6077,28551.71161,71748.94516,222732.9419,13076.31555,64462.11755,15630.21629,55622.94418,36643.40341,100214.7833,48175.65178,26495.89224,81617.95797,153799.5414,85576.32531,136517.3875,194860.4127,45793.05138,139821.5695,34771.48876,1262907.066,940159.5219,87854.83914,82714.94107,481336.6322,34041.77316,30718.46517,96190.19103,6738081.708,56243.45484,83799.16006,52398.49518,37134.67053,42110.43065,60984.23215,38958.77823,25571.21235,72938.32049,3640374.097,22084.30701,297052.2126,69016.53929,43095.33906,759237.3095,1147159.726,28613.74784,7524958.366,242907.6915,19792.02491,99914.9885,225475.2651,13697860.36,58443.36022,40653.51839,61764.24019,28511.56571,53356.17875,183148.2314,3357703.092,63408.07285,2722566.38,100827.5304,494348.7097,14295.4587,50607.86066,129871.5942,33699.44156,235358.9316,3430705.633,1046942.617,2020649.285,56475.70214,531474.7095,98164.62671,30315.32745,48909.10846,3558106.089,42382.59316,208637.6773,95274.57052,61767.63129,68031.05184,295035.0434,433983.7605,6360051.381,90101.61989,1085856.344,10073893.91,21369568.62,27335.07385,92530.91989,122117.6309,36182.47933,8227010.493,1872136.411,30591.64198,51834.40619,55606.037,35510.17402,74469.94864,284559.9722,44182.9999,161559.3519,460125.6112,510134.0777,62538.14388,63225.27789,491429.2079,350894.5941,515146.5244,95420.18177,89667.37715,38215.93111,88601.06303,764551.6982,26510.09998,1457559.599,50984.04626,85064.44181,216049.4527,77701.96439,199761.2086,27340.49484,5028035.091,158563.8019,39936.06564,102602.3663,132036.9735,108100.1252,1928134.2,16974.92717,41532.37373,54394.44606,77886.85477,31473.13901,519111.8379,825470.57,1770749.688,130259.3643,2823453.538,32581.93895,1070060.03,7733708.841,1822752.824,34355.0749,32312.17441,28144.03828,23484.02564,16639.59608,29108.58644,34567.74816,11869885.71,28503.99562,56823.16999,34518251.33,97410.84914,723121.559,17447.75445,19395.61443,42457.2043,46456.63676,85661.73307,706418.2324,93482.35478,1928069.775,654420.4298,4562552.124
05dil_rep2_5ul_4_pos,0.5,5,5,2,47,212465.2039,53791.57805,379971.6332,367765.1262,34307.13235,6635.800564,48305.70032,6693.105361,22312.42013,8708.216249,10175.83697,16952.76399,8377.621213,62388.10806,26574.84882,3696.954149,5941.299841,22474.93481,8826.31287,21409.27805,76981.41007,2819.538566,21239.43249,4122.334006,19521.92686,8159.215496,35459.17379,27444.69789,259489.2747,26372.64606,48976.23197,30300.0877,41925.24534,76149.59051,18204.82211,51358.49486,12061.09077,348738.8455,277085.716,34156.09473,30758.78215,131210.6001,11402.04505,9308.138542,29203.08921,2082476.976,15015.3203,21257.67723,10064.76635,3050.435811,16395.72432,23678.77503,21733.19866,14210.65196,29920.28567,975794.8783,12025.18792,127893.7801,34020.01042,43302.79393,448149.582,591797.0045,22865.99602,3095264.043,136041.52,19792.72496,58921.8044,124563.4385,4093139.882,41323.84055,20166.52199,36276.87625,24378.58771,41868.08052,84211.17025,1071613.742,36460.06219,887872.8803,57717.74646,267632.3101,2713907.099,48845.74911,103460.1598,11948.04046,236310.5205,954586.6412,259066.1801,756638.6677,32096.78693,465871.7085,60575.28817,25163.91151,37145.77751,947443.4345,16410.96698,87742.45532,46981.49475,29387.66363,30205.03442,46316.99495,237978.7642,2146130.63,71404.92309,355659.9078,3851693.212,7933800.927,18060.81655,69258.30225,70864.15829,15367.47943,2562857.662,732611.3104,18164.46905,21421.26903,30449.30998,23244.29736,49075.39487,168028.534,23114.49461,64936.05068,268741.4547,165839.4466,34722.68685,40027.90652,184988.4408,123897.5177,140838.7702,94887.70169,40089.28842,12515.75401,40011.41037,269215.1061,379971.6332,363135.4085,28585.08822,29066.92332,69189.59619,22190.00289,76935.28211,14249.01687,1735172.498,27238.90623,9011.187371,41478.15778,47938.90867,38083.81576,524831.0529,10776.05127,26896.17101,29864.02525,14243.69434,15085.50351,271301.6209,365531.1999,659030.373,65833.77132,979422.5552,9681.138988,176274.2939,400956.0967,688309.1935,39055.28657,39412.62747,23042.9227,2438.028052,1711.826266,43638.13473,18081.971,5235802.065,24151.41629,37251.53958,14186243.79,42842.45492,237844.8879,4200.839312,3588.814964,14921.74968,17407.37962,31390.57254,230563.8891,25835.48655,691521.1212,262730.2631,1672973.292
05dil_rep1_10ul_1_pos,0.5,10,6,1,27,529302.3426,314146.2639,2270305.893,1949402.185,713215.3122,29603.65543,442722.2915,24312.70601,176271.1716,54555.47322,77403.20317,145567.3283,49733.15427,74341.50607,170427.8178,31834.73778,29347.17833,49670.90011,43493.53792,191777.9023,519125.703,44152.65062,157475.6509,36625.10655,141492.8705,96497.17118,234161.8348,141347.6558,71192.26234,188712.151,489315.4164,264435.6608,503869.0936,302574.4938,98293.28379,293599.9669,80436.88231,4563894.012,2920031.1,198627.4868,164966.3636,1256293.893,114093.5339,80698.84325,226366.2903,17899782.72,93621.30881,121055.2091,63888.46095,52397.51515,105954.2253,188582.353,68988.90618,78288.42503,104908.3205,8368080.881,43559.11849,450785.8439,108620.3735,25770.43966,951463.1262,874629.3634,25925.69522,9433901.551,367822.1636,21561.2921,116595.3336,332599.188,29141775.66,83139.86106,52804.1315,88707.86042,30151.28758,68736.22142,197310.7797,6343802.403,64950.67955,2988716.3,199125.0851,492253.8051,12584.52386,31410.41083,66098.23382,44516.52794,108138.7226,6839391.825,2651064.768,4091618.406,75639.59172,263792.0684,132120.8397,80291.51026,63093.13576,9761805.689,77580.86165,142771.2544,132837.0686,43430.08163,82492.07187,40352.78566,510311.1075,14210554.16,46048.42829,1765841.25,17877199.9,39041844.12,25101.16936,84469.55958,181681.4099,67086.08679,18039740.06,3766229.365,43499.1841,51280.77526,85096.55711,82169.11224,99201.31567,323012.317,46882.36459,235823.7147,355395.3232,1128440.479,107206.0124,100773.335,935069.58,427795.6504,1629944.073,162111.8276,125065.6952,49700.42517,159978.8524,1878257.585,87021.1852,3739997.79,87567.26359,129255.4745,429906.1741,127291.0475,367860.3805,57471.78643,9391437.67,311936.9307,66950.97906,125771.6712,280248.7451,171886.917,7241558.645,27333.16648,52583.37677,58047.56783,129297.7467,91452.97353,759270.4848,1720138.863,3769546.729,292343.5653,5752536.766,72594.77099,474257.9634,11580061.05,2053286.361,47393.49309,60684.97475,46670.25447,55834.77332,39388.03763,60841.08947,59386.65616,24581860.28,50101.24031,66762.89768,67163897.58,227383.3128,1423567.201,67932.67054,39289.18666,106266.9555,78817.28844,165338.5374,1593232.751,186341.1029,4642221.356,1375932.444,10159388.17
05dil_rep1_10ul_2_pos,0.5,10,6,1,30,58598.81888,238437.0624,1960365.25,1543561.007,479603.6673,31300.87297,431015.2483,30301.38817,167880.0344,59191.37108,50476.09095,109909.2863,45019.79778,84951.68812,180793.6785,30360.10993,29537.95468,106558.8514,48892.64564,187074.3191,482929.3641,35362.63668,129911.1945,40042.45117,137339.7768,83319.29141,227331.0479,152105.8685,2608259.055,167607.3703,464201.3005,225344.7057,450618.3706,279339.4808,99976.91642,288602.0985,67733.07037,3393557.575,2505556.169,163517.1354,134487.0134,1188839.509,97051.06635,76315.62129,187156.8973,16244449.12,77245.0919,97703.17335,45037.02916,49517.99134,117808.4463,152210.2782,57151.51674,84850.48469,110930.7703,8004696.737,47350.51717,419935.3645,102269.2513,26560.32386,923214.0347,963991.8942,26389.61545,9113943.944,358947.3891,18448.61945,138325.7779,332814.3582,25657062.89,382595.588,50753.1248,89268.0067,33969.78551,69025.20609,205616.553,5706828.949,67966.50632,9591.200807,208744.3548,519701.1403,12576.11952,36791.24286,78626.43025,43629.71717,129652.8153,6841953.844,2461055.108,3676658.508,85444.82891,380771.13,139170.4297,65678.95565,63269.08973,8492892.028,65046.23221,170052.0803,141262.7636,49294.73687,101953.8457,51699.1051,529122.9621,13611236.08,80986.40485,1726903.009,17272390.99,36074977.35,28068.06002,82284.87147,193190.4491,52275.34737,18497306.6,3688678.357,57172.02903,26617.67136,71205.8249,57554.60873,85677.11058,329352.6815,58198.92146,258362.855,365132.7317,1045647.225,89695.34094,105462.806,894635.5529,438322.7439,1538161.65,183103.0129,122136.5178,43022.5772,131472.5977,1728684.98,86002.07063,9789.02641,82890.41904,145060.0393,438676.7952,134098.3699,352034.7279,55646.1731,8627968.538,303443.7049,65679.05345,139768.369,274711.3612,172277.7796,6823515.657,36757.10412,55308.28182,70650.92552,114757.2887,97135.55622,672631.7995,1763428.712,3706264.748,282377.9863,5426845.308,70267.55548,551604.3069,11521778.03,2286951.38,44680.35962,55382.508,47067.52361,50562.27736,37788.88203,65987.71582,79267.18572,18416203.69,56367.73943,77343.01258,47928057.95,224589.2968,1310700.28,33526.40358,39296.38551,89732.9274,82750.84532,141039.1574,1487163.414,164174.5329,4605485.387,1634917.7,9289444.3
05dil_rep1_10ul_3_pos,0.5,10,6,1,33,60822.80706,218360.384,1951037.716,2204507.425,286731.3235,21214.35723,426922.5813,26987.85479,167670.241,47607.66434,50102.34951,98657.94054,38799.45047,549168.9571,149781.0698,32078.72737,32346.55387,182205.5574,50276.3045,159171.4908,446667.2094,30570.87118,137461.0103,29571.67572,114773.4973,83111.00125,204075.7447,100571.1088,51193.66521,156489.9186,368533.8535,175798.3207,311663.1061,261421.6775,82194.87417,262548.3206,61541.71057,3410523.024,2139555.975,155065.8063,131806.0601,1173230.63,89109.08335,61178.62933,174319.2179,15039081.81,84502.47538,90258.23057,46751.61689,50278.78194,96880.6804,142240.0574,60788.399,121988.4374,89264.80455,7553582.419,36216.18675,370344.3606,89861.20803,29539.29253,908357.4501,998704.7704,31773.82027,9384827.805,343161.7224,30797.62136,125695.4537,369612.6598,26037151.34,683422.6006,50432.494,82449.08174,32717.77093,68316.35398,188184.7001,5578211.013,79564.30679,12517.81285,199399.8195,550206.7989,22122.5323,38259.07048,87721.35881,34535.10237,130941.6706,6238516.053,2210092.972,3777346.699,74930.14973,447641.4046,157112.9616,74482.12338,57784.70579,7954013.811,59607.09025,164211.5245,118462.0079,48749.47856,70852.7644,92310.16569,502621.4585,13056869.84,89001.59438,1756687.969,17152983.91,35502030.28,28484.33984,89424.90184,184953.5921,61969.6218,16640549.46,3346601.127,49575.14057,37497.25448,82128.37956,42055.09604,93480.98107,341661.0968,56607.08431,214778.4055,349883.826,956282.6192,82934.70945,106295.0984,883019.7801,446975.9871,1531614.615,139754.7295,122072.2617,49362.93015,142587.1361,1603810.989,65531.17752,3221336.529,87233.92187,131004.3155,431730.2129,121658.6581,329124.2819,60793.04575,9117196.411,298609.1834,67003.58923,144370.793,257895.7534,165652.4414,5842053.608,37247.07522,58371.81091,72349.62606,166517.0447,66583.61588,700591.6888,1424801.225,3622717.915,271162.6375,5338879.914,64348.05661,628172.2079,10528721.89,2065823.499,49296.29929,52920.775,42882.94053,48346.78375,38774.70667,62554.12873,46169.32997,19230092.78,49694.38751,95852.07491,52570892.61,217831.0754,1274305.099,37045.37576,40678.76117,86216.4238,79629.82373,160980.8742,1148898.296,188334.7268,3774463.55,1577680.126,8953485.472
05dil_rep1_10ul_4_pos,0.5,10,6,1,36,43086.44675,188371.6765,1882033.131,2200008.954,253089.0073,29089.15893,408477.0706,18294.67794,116762.6865,47581.56473,41298.86061,90565.66725,40342.98246,74061.11544,144334.4559,25241.33342,29859.48583,279347.8438,49553.47312,144839.4076,500047.7461,26402.10782,141408.4405,18115.86551,85577.79339,60886.23018,175368.7991,79840.54237,2550358.273,131110.4704,277110.2818,138902.6799,174239.3788,227792.5951,71400.27982,210405.9193,53018.97558,2991895.711,1595574.375,148275.3256,128628.4598,1139513.802,84859.32578,56551.14738,135558.5248,13919144.41,78174.00323,77857.17352,39749.37548,45879.10992,77375.37663,133038.1156,59110.49354,108075.6095,91007.4419,7108723.351,33140.76146,343464.4717,86587.44029,27474.62396,860947.9888,1060448.737,23143.73535,10566203.06,275199.5361,23108.24531,111214.3883,333496.8943,22725714.3,82635.91475,52185.54442,82352.78119,25683.63033,54941.68835,196854.7636,5456314.984,66336.33593,14603.27927,176341.3611,604310.9183,30471.26274,30648.66189,83059.74753,31015.66993,138499.7807,5803892.661,2256652.482,3363638.228,81703.93817,432094.4601,137086.7555,57646.53718,56240.65382,7305463.51,48240.30294,157700.8664,126255.5224,43754.04432,76065.85789,445405.1203,519119.5771,11665317.9,96429.54828,1597338.215,17283418.67,35687569.93,33864.31415,93803.30788,200516.3001,55759.9804,16910577.98,3380872.4,53226.75927,31408.84558,74529.96634,42198.76318,77106.12651,338534.5367,47888.56365,235800.1516,354680.1043,917199.5846,82887.60908,93563.36963,871706.0556,393173.6752,1255791.525,140962.0692,109719.3582,40598.96275,126096.1047,1476212.148,40934.975,2955536.089,87230.60973,134560.2173,392704.808,114254.8116,317470.9303,50449.16393,8119915.712,246285.7541,65111.70332,128015.6992,231151.4948,157054.8618,4996286.791,33950.10808,60709.08508,59587.99513,60758.35953,79093.12305,642535.1216,1547602.341,2985630.592,252856.0207,5201103.7,55893.73286,360838.0178,8757446.605,1857103.151,30166.01579,50717.24783,44091.97028,42775.10047,33311.08151,55844.70136,70195.89689,22764966.16,50345.51715,66740.73247,59230405.71,206466.2333,1290970.836,65730.11849,31706.80321,69839.41711,87046.46699,128849.6872,1363791.774,102501.6669,4105984.287,1443352.365,9812289.553
05dil_rep2_10ul_1_pos,0.5,10,6,2,39,109953.4587,299099.8608,1925824.469,2074475.621,476898.2373,35898.56082,486723.5738,23816.63112,182458.5999,67316.08588,58531.24762,122337.894,49110.59121,631003.637,192016.7537,34166.97323,34673.5342,57842.99055,52074.58689,158602.8295,523146.1005,40251.88823,179142.3405,53445.87889,154682.4429,93840.24726,267034.1931,152468.1063,2767135.173,198609.9068,493435.5973,283263.5958,487500.4919,303728.0367,104197.9788,285156.2494,62372.97738,4201982.239,3218392.672,226425.6776,146570.1769,1316604.986,125026.0871,83445.89417,210532.0768,18047222.1,88235.479,83989.76855,49221.93323,47224.20698,100411.4645,151227.1023,60109.12969,62989.23455,102123.6282,8791649.651,33322.79772,390943.3881,123658.1134,28676.09406,990121.3207,959356.8253,27047.08383,10058541.56,370214.5286,20583.70175,130557.1115,390196.5498,29308492.24,967410.0079,44548.3551,70553.98848,37999.97317,76201.00012,194523.2018,6190239.316,60507.14244,9442.502212,197625.5481,598721.592,8782.11847,33928.95781,64712.40938,37418.85837,102404.6251,7069778.963,2489414.899,3914513.352,87130.00421,249955.2423,140152.8813,87535.19857,62059.20271,9646705.244,60086.43316,161367.9845,137590.7447,39014.86053,78568.98356,466222.0269,500886.7131,14898589.51,69310.22853,1843058.533,17533924.15,40274443.23,28721.70644,79429.82956,193538.1334,70484.40039,19255540.89,3941635.057,55723.99065,42381.32592,82967.54855,47637.65638,76169.52496,357674.8267,65866.55657,259303.7499,365414.7108,1195920.961,106791.0789,104349.2208,1011502.101,433955.6305,1814864.737,178648.4857,149361.497,51046.62788,153519.6373,1998123.463,102808.256,4098594.568,85407.37244,149606.7081,483701.505,148426.6415,399996.1482,66434.23483,9931894.735,323080.7183,76218.09028,147229.3641,298364.2393,175806.1077,7235526.846,40752.89112,67229.04813,71251.18793,195115.1301,107777.2553,699934.9228,1688437.743,3732843.474,304351.8121,6131748.941,61818.76802,687904.63,12993767.55,3457327.697,44880.05969,63443.33698,50935.89832,45727.33796,38984.66069,67228.44598,90487.71136,25473798.08,62921.23367,80956.67159,69964659.67,242277.5104,1707436.14,71241.61305,46181.09554,104332.1445,91917.32938,193717.6907,1571586.446,222071.7359,4919695.582,1597857.889,10152903.45
05dil_rep2_10ul_2_pos,0.5,10,6,2,42,82595.3751,261416.3088,1743152.187,2268255.734,376303.5327,31523.03942,457533.8513,25652.64884,157328.1232,54384.58334,58267.90994,110641.0956,52616.82924,68938.28775,188153.5773,25346.35493,30769.18961,404087.9607,46982.87575,172509.0063,512961.6377,34314.68547,159577.1802,39519.45396,133221.2717,82855.2648,186714.4726,146275.4017,2477363.81,139932.5911,423123.4281,245596.8782,400373.2368,284174.2531,102442.9634,283604.2043,61565.88471,3690782.828,2598418.893,186323.6286,145089.718,1275831.833,87795.31731,81814.35048,231260.5411,17400583.48,81739.60929,97005.8393,53377.53378,44628.82148,93316.94823,141391.489,54249.66182,140625.2828,102584.1015,8056101.129,32124.93771,400343.1018,103923.5226,27299.22324,1076313.954,935008.133,23546.83914,9563120.43,385053.4456,16299.84237,131124.3773,369464.3338,27674109.41,81462.46877,48096.41282,76611.20191,30940.84524,74641.09703,207610.7309,5666417.198,66786.2388,12369.80971,209984.3249,625424.7528,18424839.89,33113.48948,81185.77351,36903.77871,113275.8506,6692663.678,2547599.626,3726570.567,76494.19621,397621.2305,140452.8768,61531.98172,54547.54298,8817094.8,64843.56322,181451.7032,138902.5115,44289.99248,90576.72622,58820.50018,530715.7728,12857311.75,82515.63088,1827064.933,16844330.45,37310152.38,26633.76677,96301.37462,192701.4815,67020.85288,18983343.46,4161011.36,61626.6942,46681.97383,97192.53865,43965.04712,95369.75923,360911.2292,52639.63105,263354.7086,356111.073,1076464.773,84844.0304,100294.0729,984017.6298,394476.6645,1652896.885,155402.7436,116397.9768,59463.47167,136484.5487,1693785.841,63916.8397,3785702.437,85587.24141,149499.4146,456830.5275,150364.6849,414773.7479,58094.43077,9357309.719,300648.5766,70386.18476,169851.2685,269670.8688,172962.3579,6622772.758,37937.73729,62359.79959,72328.63923,181278.2692,94583.12884,607812.6253,1727938.858,3617477.44,298940.1178,6073045.93,57230.1621,638948.4056,11659874.34,2323790.255,45779.76059,62733.20685,47779.98819,47353.50991,39814.05496,65908.03596,75089.16698,24695867.19,56320.32808,73408.18875,64062781.47,229066.4554,1388611.831,70923.38816,40599.16275,96201.32477,77203.97667,183091.5156,1129958.177,174601.0476,4908350.373,1815667.266,9533243.718
05dil_rep2_10ul_3_pos,0.5,10,6,2,45,253764.621,68197.34163,404535.3957,384907.1178,46786.15787,6987.171274,93346.34589,2595.196505,26591.29709,8398.812826,9540.641079,25229.10396,9500.28958,81258.21073,38186.37345,6803.304027,10532.86617,38647.51917,8374.903778,32341.59424,98026.72508,5892.736116,23687.68991,5893.205002,28065.28135,16945.18893,38259.86964,21443.93463,333188.0563,25601.92928,78668.23826,43427.67598,50761.41758,53983.72722,24715.21336,50532.82074,20917.06716,461418.2978,368508.7217,41955.82577,50830.36494,170426.0713,15511.20164,14030.72879,26025.80955,2462342.442,23487.56136,35281.57606,18074.42096,6881.55761,20697.99661,37262.52421,24091.78944,17622.96657,42500.98378,1254435.285,13327.24481,164954.4802,53800.73607,41157.41135,473115.6813,692012.3374,16528.95621,3596761.786,160131.8721,13530.28406,66626.2397,152180.1353,4997119.265,407176.1659,24906.03429,40400.75602,20497.40539,36210.58986,112524.9998,1362630.505,44451.6567,1104655.01,58891.68459,312207.0934,3450587.249,56028.66285,122145.9166,16497.23565,266690.8905,1234178.066,348649.3844,995988.8871,39670.05322,453916.8571,66358.8332,20095.61615,27276.46199,1246775.325,22616.73984,111051.4279,56177.01725,28949.23078,55510.81208,147443.451,263935.9623,2813854.086,69629.41854,456587.7973,4746938.534,10039976.63,19970.44021,77687.69009,78807.95315,23835.95224,3463403.431,960876.2397,21317.65325,19336.15424,35403.0255,25438.24608,65230.80348,178894.023,31627.7368,70315.59243,342265.7078,228069.4445,38668.53973,41682.393,223225.9867,160177.5309,179058.3889,36745.73252,42758.86225,18691.2082,47854.0197,354947.3118,404535.3957,436008.0973,34543.08566,32770.8734,125628.9963,28277.50105,98239.41098,11808.30295,2011829.247,60445.17255,11193.57502,45921.34569,55788.12369,44913.88311,655151.4765,12881.95307,25505.46889,31483.48992,7913.029783,31806.79405,265180.1994,424806.3387,814715.3646,52307.26232,1284266.386,10538.27396,574865.7335,472698.5478,888390.3366,41690.49988,38244.92157,22605.92331,3044.051845,4755.643159,37326.24584,47141.55967,6372006.132,26174.75281,42545.36306,17118206.45,43841.96648,345398.0305,17706.53341,6720.784409,17044.07946,22391.58922,31186.89368,300233.7163,56238.70558,795807.5583,299452.682,1970612.351
05dil_rep2_10ul_4_pos,0.5,10,6,2,48,152666.1134,183406.6344,812932.2898,904410.9834,104726.0505,14563.28037,133632.9158,8627.245806,75221.00669,19358.82889,17613.39024,49857.76388,19387.807,209059.9192,74268.62111,19223.93839,14144.37053,87215.33368,19316.87512,70840.82395,215345.6861,15372.05154,57046.22992,12350.85245,52219.26307,35283.95896,79093.99016,47905.47107,884510.6213,70799.50656,126962.1782,74970.61069,113661.8063,175500.9257,45198.50617,127266.511,37289.91108,1115144.311,782818.1677,96117.36097,84367.63274,418707.5445,37719.48246,40295.2768,103627.2886,5847224.393,59326.93942,85550.46132,22179.89289,23107.17715,36390.43228,101083.9715,42316.69646,26855.24991,64211.81023,3377558.047,30496.30735,253000.58,65750.95576,45505.25484,839138.3104,1104627.552,18929.29414,7094827.209,244923.5873,22382.42088,105723.8933,215637.3176,13684268.89,60495.10435,40317.57496,56385.41424,24753.0375,51370.86732,181594.9221,3088660.122,67528.68367,2431983.588,115440.3856,484831.9392,14705.47531,62217.55312,134319.108,31129.41132,232955.8751,3123735.422,865164.0705,1937824.922,59469.06531,526684.7602,110827.3976,36223.69005,43228.72128,3481560.671,43723.07584,195106.5191,90748.99359,46751.34572,61088.99282,44234.36464,403414.5725,6189382.526,105561.9611,1030972.568,9731294.821,21218911.78,25743.66261,87863.78637,123225.6959,34538.86477,8027740.467,1761727.218,40684.34024,37290.56118,44672.62312,38930.58381,77045.18718,268665.7276,39951.60445,135287.8188,470285.1567,464037.1412,58818.74254,68202.59217,487081.3845,331560.2399,453991.3473,80145.58884,80579.92976,40588.28713,91952.50208,728753.4845,812932.2898,1215377.49,54226.81007,74364.66162,224613.7644,100995.3037,196671.5876,27455.47734,4631660.826,136834.4634,28934.46699,105512.9683,125986.2877,89262.6935,1649205.665,23396.84706,48641.57216,63789.6866,56539.93856,24789.79395,519742.2078,841236.2814,1791088.727,109835.2006,2633401.77,23914.10249,1051635.037,8387548.858,1301259,26863.76365,26027.83439,21445.29376,14189.09175,15132.75152,34814.17236,39351.25001,12295392.73,24258.7913,56648.29139,31055351.83,80066.07907,686591.2667,31271.10025,15806.16595,38649.7186,40285.47289,68455.44137,690416.1622,65886.18018,1928784.204,711557.4865,5088100.984
1dil_rep1_2ul_1_pos,1,2,7,1,49,24372.57158,202191.7486,599587.6041,523912.2055,616180.8625,9227.594003,33870.84333,5188.843329,52105.48535,17988.67069,17870.10695,40268.16208,16815.28808,26813.68725,65551.55535,19232.09865,8985.476419,16759.69044,20391.16005,63613.17582,229728.235,10111.37095,61455.05312,12592.9463,58464.72803,34675.05798,84176.79929,57584.79511,823845.7713,56008.32785,137773.9938,98836.16729,149758.3548,183190.7464,45695.4216,117190.2713,38767.44771,1111462.948,932131.3338,88909.05292,75132.20621,421757.3586,32182.51242,42695.80109,103937.6436,5488167.588,49399.07459,85548.27551,22962.24238,22131.89344,65895.047,84444.35541,38404.78183,51042.08132,62099.73606,3221313.189,22807.42945,306710.2935,52113.44698,47317.73028,772277.119,1242273.063,12422.6621,7183191.308,277150.3454,26990.78421,98581.17278,253545.2325,12206459.27,657949.0114,34895.49354,67983.00031,31444.98343,57011.24335,189943.7251,3144330.241,59608.70126,2419506.638,108180.6442,465211.4666,8046360.398,56690.79621,157140.3431,35892.91472,241986.8853,3052656.203,883428.7958,1910327.215,66504.89802,542863.912,99412.4802,33262.48554,36859.34433,3420570.265,41998.2955,219772.964,83542.09231,66932.68672,50468.72263,37223.05063,408906.3539,5984341.657,88093.96351,1045873.79,9191609.06,20606317.39,26461.89437,92083.5605,127014.9951,38567.95092,7667220.397,1728589.664,34701.39801,47802.57253,49636.35034,36183.82104,70004.97327,283049.0186,43052.47738,171341.5546,479853.8546,464832.9216,54170.29685,63034.08613,483309.6663,366039.7071,451871.4047,79667.26388,77200.97601,37777.69852,89191.5855,718521.7857,599587.6041,1202370.171,43162.28534,78266.69454,206666.9843,52134.12385,177412.4708,25230.9733,4857529.707,110233.566,33904.96697,101816.138,131389.8079,95637.68544,1670188.289,19440.18628,53013.57817,41532.2782,64590.51676,26724.09641,481083.9984,772952.7313,1540774.006,123322.7255,2777746.085,38486.41435,605339.4295,875540.6333,1489567.935,23183.86522,28770.81223,22252.42054,18900.09518,17597.33775,27532.21986,54117.26087,11174013.5,32405.82854,61866.64223,33028007.2,75162.36645,720101.8135,32909.97848,13904.13002,35319.40513,36074.77558,75639.40743,616046.6184,33927.30089,1808350.804,576191.8475,2556556.53
1dil_rep1_2ul_2_pos,1,2,7,1,52,63729.17552,157703.1608,584996.1603,567178.6411,295225.7533,12690.13887,28597.27317,7136.411651,50686.59923,22571.62181,19257.49249,44902.15809,15282.81897,26883.71531,74289.60743,17148.18166,16946.16833,140120.2846,27418.08945,60923.42815,221772.4914,10961.43915,73499.68519,15294.74751,51694.00771,40130.62191,78910.66978,47384.02686,882375.4023,67865.14255,131752.0526,70559.35069,103784.1796,172884.6244,46495.63964,108171.1009,51285.39314,1135005.922,938257.7945,78389.96578,86531.75254,436432.8991,50498.01435,39498.10504,84412.35129,5796957.536,70484.93174,85097.65505,21129.12149,18579.2375,39889.95107,85184.04262,34550.67301,26177.67035,59731.52281,3366885.641,26807.8562,278057.4552,68275.64848,48802.10028,767897.6445,1202991.022,21237.0315,7982016.798,285260.5279,25940.41923,110025.5585,228621.7415,12607962.23,695967.2752,30941.76071,51395.41124,32025.79536,67268.13577,177470.0758,3162952.894,63626.89855,2687371.063,117142.962,470678.9642,19614.60843,64987.33796,151507.1546,31765.51048,245969.3693,3187169.586,853498.3134,1924031.499,77570.25641,572211.9911,92169.66365,43356.17389,49070.86505,3571675.971,43416.02799,237168.4138,92643.45338,62267.26049,52460.97332,408560.1896,413882.3738,6556252.394,70988.48401,1014490.806,9781948.792,20839346.96,29629.14011,97227.43873,120102.6065,38513.00739,8545400.629,1915451.816,26112.24895,41515.38161,59286.00221,33890.64284,88760.53953,279958.5734,41451.24103,174508.1117,153956.33,502920.8654,62504.21162,68021.97912,498720.3487,364062.2444,507966.0589,75234.34613,90390.71814,34506.92657,95362.455,705019.4134,584996.1603,1293474.672,50910.68674,86399.11775,196265.9912,56537.15434,209826.1772,34231.32636,4683600.554,99184.21381,31180.18193,104432.4953,127749.5204,105167.8336,1632084.999,21473.43059,47297.80739,51745.61517,46882.98111,46069.76169,491049.1525,759905.1073,1604647.503,116755.5195,2706071.638,19585.70246,1134215.319,12581952.27,1910363.903,34638.07446,35215.38435,24143.44216,20466.10214,16882.55005,33732.98777,48063.66196,13506224.97,32168.47276,60219.32799,36422587.29,97400.13165,587084.7918,18851.29548,14047.69113,37786.11244,27855.13107,73700.23277,683832.5142,75333.3688,1829600.803,539983.97,3184227.6
1dil_rep1_2ul_3_pos,1,2,7,1,55,60253.30749,195614.1359,580502.9601,58208.15213,142518.6279,10667.12387,29895.17967,9997.318712,66662.70169,16311.64451,15746.51168,50590.42884,18648.59591,29631.21302,62307.60334,13495.12216,14510.7251,18803.28231,15634.71233,67727.04686,222516.9495,13231.35152,59021.39912,16738.42713,54292.33064,36039.95051,70144.72338,51768.80962,926815.3567,64136.1823,138683.8215,66953.49466,109920.3341,148451.4813,50862.70217,118829.1129,38376.55003,1185315.631,912483.2052,92230.24587,78431.50229,443756.383,52745.80181,44311.16099,93561.98908,5947902.239,66049.1782,32220.94112,50190.46575,33841.27158,42603.83071,89959.22223,28813.66804,39972.77982,67864.40172,3497513.996,23820.88773,275455.0467,60372.50907,49801.16922,762025.1558,1234353.412,22369.96919,7942840.43,303460.5714,22565.29455,100825.8746,206290.4395,12867104.65,715488.2982,32758.89782,49814.08431,30197.44663,69981.23525,188942.3642,3217698.127,66701.85424,2609422.545,128468.9263,483619.1354,13272.23214,60091.25851,143794.7703,25624.76442,236190.6515,3439363.029,867024.296,1911460.725,57597.68128,549038.0349,100182.3751,45224.17869,40765.5675,3404521.377,45284.06073,230440.4329,74973.93901,62126.52503,61060.3109,348478.1784,420806.3458,6113280.5,74955.62768,1046421.766,10038941.16,21536922.19,36730.87725,84843.35696,127278.0068,38245.31768,7863603.775,2022991.201,37914.73558,46885.10244,57773.90337,36900.01533,88981.43559,292848.409,47185.57139,182508.7214,489285.1142,480031.9465,70487.8674,59689.00092,523064.9974,371401.9935,465188.9596,91660.26659,88645.71204,27074.871,79140.16253,693340.002,669656.4972,1511613.193,52077.13538,78864.37038,161957.9458,71849.39004,229268.47,35521.089,4075596.72,158629.44,25352.3628,103125.2749,148567.2037,96941.9433,1746057.835,24394.62721,40938.69693,44949.07757,75094.52787,48619.44157,410132.1507,898648.2237,1627263.524,129228.9284,2962903.679,28132.70677,1092924.841,13765010.16,1915321.769,36684.08194,27167.64196,29477.46696,18346.42934,18611.30668,24185.78974,40675.3007,12984647.04,34514.98681,71133.23936,34762984.69,112394.8693,543117.7102,16845.47424,17223.40632,45002.19518,24394.29039,84122.08668,648918.603,44538.81763,1867602.167,511064.6922,3154788.724
1dil_rep1_2ul_4_pos,1,2,7,1,58,81116.43153,180438.2208,48802.07691,765415.8492,100730.3683,10164.09803,24723.93537,11707.57915,77325.48856,19829.10324,31941.82787,51142.82007,22409.68821,222427.6967,73508.06402,16315.96542,15670.44309,98997.97823,25182.42638,51122.75969,199892.3808,12331.91819,67514.46052,17084.48396,50376.3311,33032.8484,80739.69329,44386.03713,28338.70743,62218.01136,125720.1277,56155.30834,71877.04997,160798.3121,62618.26975,126577.6023,37248.0275,1164317.177,896148.445,85806.23817,71086.73652,447088.149,28689.06512,39726.36952,103478.489,6085804.675,60307.18196,90306.9613,53131.53947,20075.12786,40820.15252,86161.2393,27581.55382,34833.70182,59492.76958,3535927.373,21777.80339,315493.5212,52507.02782,50084.62617,768133.7086,1179633.615,18491.33174,7511122.508,300508.4647,23700.07693,106794.9708,219062.055,13029395.16,61027.32567,41009.37427,56997.97457,21545.35324,57097.20309,161596.7288,3203920.421,52488.25956,2811263.835,117387.2008,449827.5332,11036.66812,59321.56642,122635.5481,30421.20371,218978.3696,3279555.955,883238.1179,1949314.826,60981.14564,571890.4669,121358.3647,45160.80539,32847.84948,3677742.769,44717.54611,236386.1457,87829.99286,57700.55685,68412.1917,34958.41726,435540.3374,6104471.531,64069.02313,1059775.507,10304541.88,21840234.54,37587.55684,92313.99371,121528.4572,35081.45967,8004975.66,1923064.816,37471.39337,41475.21896,57747.9363,36281.5999,90829.71981,294885.7428,41958.70104,137206.1738,464254.7362,461240.535,63354.83107,65006.82146,503629.5862,357783.7609,560252.2873,83937.33475,82297.59287,29096.15408,87452.84673,705106.9216,29315.18809,1429657.728,51158.27157,83309.06355,199575.8093,80240.69422,219947.8954,32287.89964,4119516.254,161449.6422,30828.64209,115152.4504,127794.9516,97560.91737,1730310.255,19429.66877,53220.35708,50402.36464,74601.06936,47936.99287,428029.9952,1019987.002,1670331.961,130517.9052,2911574.113,21446.65735,1154278.842,12139962.6,1890494.55,21462.46229,24079.79082,34303.67639,16697.67433,14497.4132,24299.60977,49166.79524,13129152.04,26328.92199,44328.67958,35225634.43,102548.2321,692942.0879,16910.71,16180.48857,36862.92178,32373.04731,90432.18959,668813.7611,165087.1889,2130023.409,690310.3507,3259808.289
1dil_rep2_2ul_1_pos,1,2,7,2,61,144646.1558,211368.53,758404.2285,750953.8343,601483.8356,6902.069537,31007.12919,9180.210063,51548.20681,17830.02177,21783.27297,48115.74754,23377.48607,28983.03567,74661.09052,20713.13542,8913.854025,30779.41018,19713.23109,57751.9062,221925.4171,15251.76672,62086.92744,20093.10452,57539.43461,31337.22658,92185.67359,54069.14027,948649.1385,67733.96005,136406.5066,89087.28245,144457.3937,130324.4125,49635.84363,127060.5758,32206.05868,1173215.526,1070477.23,99733.57689,82877.94059,448478.1589,28054.46551,22444.35793,104882.2822,6187357.051,55253.29866,95825.48023,21873.06998,22842.58992,70149.23378,98145.67581,29847.00079,39257.34969,62405.42996,3405980.974,28098.54282,265671.2287,78934.07116,55051.91776,764829.6188,1406656.527,20579.19999,7444191.716,300887.4207,20136.97162,110458.4204,243516.449,12463201.24,681090.8078,26231.04403,37803.77788,32329.03424,66689.42417,166978.8035,3103628.158,62012.92437,2846915.826,119983.197,464058.1075,13112.69982,64877.36076,137396.8412,32224.44388,239498.5647,3254810.309,907022.5922,1962510.073,79197.817,575626.5174,102235.8603,43614.72285,43476.37237,3609814.987,50338.76098,256696.684,92675.47173,60056.0636,59948.39454,276900.2215,438437.8269,6235680.09,71869.68439,1103560.829,9945659.431,21252165.85,28612.80135,99097.11114,132604.9608,27709.15555,8429538.656,1856655.27,29803.78377,52757.44877,44978.36144,32056.6754,98439.66618,278969.7804,55732.47764,156525.2453,464613.0772,474816.141,56372.15623,63006.18879,542971.2033,375744.3351,548262.7779,105333.266,64487.73708,22600.56363,85276.29411,9054.876776,758404.2285,1354795.475,48048.20175,73345.92755,149718.148,79555.44343,225247.5437,27086.13985,5069742.906,90615.30355,37636.60754,110711.4254,141425.0384,109495.7783,1737647.704,25558.0179,39575.64546,47839.28182,57043.99714,21103.72424,434491.4437,808621.7598,1713585.452,121557.4066,3030227.401,26910.82025,894111.2967,13885576.82,1527890.646,33393.38762,30989.76214,22046.66162,11635.96237,10710.40028,23702.98641,27651.03878,12719714.13,25785.70476,57346.0106,33860145.11,63612.23656,740600.2715,11700.27206,17239.27547,36057.62991,25815.20566,77213.88415,576709.711,128205.8812,1415150.463,436217.8694,3522966.57
1dil_rep2_2ul_2_pos,1,2,7,2,64,65287.82455,199177.6788,672126.9185,803871.5096,324735.6201,4248.604144,7791.729969,8548.498323,70121.19236,16204.79928,19055.95617,48288.81212,9527.159614,31956.70616,69562.36855,16172.18348,15034.16738,71391.56419,25363.04818,68011.14989,207278.2704,12109.87005,69703.31279,19478.19093,53146.4053,31832.54586,88423.63511,56491.98044,38267.82989,65438.95493,137285.2464,77840.0078,114848.7989,131070.1615,57420.43392,130497.0003,28048.93354,1165695.155,994434.9748,73843.13092,74432.60623,438094.7732,27441.75772,40783.02041,90853.18195,5971104.114,63237.78275,97756.22808,59459.57104,17583.32096,38010.77291,66661.35776,23214.09985,39257.11911,60138.52075,3412811.829,23512.38279,283727.9262,65378.14171,56990.18106,752751.8895,1304401.075,15794.20475,8005522.5,388597.7676,23235.26058,108076.307,247967.7315,12671942.9,719449.947,29370.93989,40701.10824,33618.78773,76376.58848,173927.5148,3257467.123,66109.1294,2895941.129,122133.1101,464109.6397,15202.26842,59885.04357,147108.736,27655.58609,234583.2232,3478130.623,931178.2217,1896012.75,66079.7729,566392.7195,100457.8936,34639.17806,39831.00387,3657901.362,61403.88459,242119.1761,81316.5413,55181.36737,64797.86106,281224.015,387243.8203,6321890.593,68620.00109,1119468.668,10089553.14,21592473.68,26794.11608,80622.54918,123615.7106,37199.11736,8344226.838,1937086.722,40406.86949,46547.93175,62011.74799,29239.76175,91375.6177,276947.9659,60072.86889,172711.4673,438324.5149,446675.2125,55161.28828,71125.85907,574186.2842,396581.5728,510031.1703,95225.20314,84987.32976,26829.31031,83138.40732,719931.798,25489.68665,1434171.511,56118.73649,78982.99893,191724.5434,55014.63404,218329.5084,26455.09822,5128758.821,112136.0646,27815.03856,105302.8032,136532.1401,100166.978,1795098.901,24669.73943,48090.90051,51274.16419,69050.55299,38594.46912,437054.8776,882645.2144,1765133.122,126441.1462,2836543.076,28591.74408,863951.4764,13892651.43,1763447.822,21537.56013,26000.70096,26295.56315,12939.16708,9244.857223,25802.21801,46664.5293,12927032.34,24185.58759,71349.28833,34884121.66,104284.4069,483604.5177,16039.06641,23798.87665,36008.34828,23505.12549,86129.03555,511323.5113,13893.72362,2019067.996,416006.892,4091314.338
1dil_rep2_2ul_3_pos,1,2,7,2,67,73846.45001,216798.6908,710787.2693,44018.76843,105343.7531,3907.239192,13354.73934,9156.098258,65526.50897,13265.24802,29819.31602,54286.42077,16767.58622,30740.48664,71449.7941,13346.48695,13325.9633,22992.69035,28394.14941,66388.84765,152201.2178,12041.95175,66226.65685,12825.36439,52222.42244,27758.26485,70490.02617,50487.20512,34956.49294,65694.3994,135753.5802,58812.03823,82574.90871,118899.4733,63605.94191,111406.7373,31341.62101,1154184.143,968159.815,85161.17241,75601.05588,459973.658,30860.01557,45386.51531,84600.85341,6047871.432,55871.68895,93959.25077,57705.33907,29387.10479,41798.61095,91634.55255,22331.45008,20989.46152,64204.18646,3771705.413,28850.50718,253600.4075,65716.08441,53033.78636,800868.2504,1311779.487,23314.77696,8083700.987,329744.2723,22950.66949,100177.1682,155552.2249,13821995.63,73228.91538,27710.4296,37280.56972,32450.64126,79085.99586,175585.7969,3016699.146,65505.0315,9231.401473,131156.073,509310.7561,8950949.256,62017.80692,139899.1343,27924.59552,221156.7753,3414908.785,889948.3295,2089531.162,67144.32893,584706.0115,104136.8311,45874.72812,38486.58757,3542083.171,46634.99157,260748.2047,95390.28162,56669.72925,59262.65398,37857.05398,429239.19,6856366.927,74389.07245,1088106.128,10289113.56,22056278.54,35366.22064,99831.44975,137594.2311,40256.06848,8302862.71,1828140.572,34360.54121,43191.52312,65549.82108,32465.99743,93777.46427,324723.962,46887.45562,157033.932,494394.4363,486349.0389,59076.40573,75910.31068,533862.9231,362819.9498,500945.5432,67763.35248,80672.59481,30626.80993,78893.89765,723043.3124,25290.73462,1597822.555,34710.31117,91494.11907,217653.1485,83159.14794,227499.8675,32774.91731,3784153.379,77427.41494,27998.15822,105280.1638,145386.2037,100728.6032,1785747.91,18193.51713,54138.26,40572.65528,76800.87185,23387.29423,480837.0769,848511.9982,1927369.398,124347.612,3091784.576,18315.32198,1174276.074,14138481.34,1692575.997,20002.55869,28221.65972,22532.79483,18728.75049,7581.001408,29221.97599,43591.07209,13765174.83,25698.53958,59021.31461,33631548.14,91843.78693,471778.5592,33956.829,20457.48038,41853.21113,18170.02625,64514.61458,552031.7634,39075.51715,2059844.346,412478.6315,3796732.394
1dil_rep2_2ul_4_pos,1,2,7,2,70,82342.89578,173754.937,867676.7558,879989.2084,86557.97691,6096.831289,12776.71526,7734.526554,73262.63769,17502.79105,16539.3641,53581.52757,13486.41883,184420.5432,65171.43284,12941.32844,15005.98339,112837.9702,23203.4131,40619.61305,233145.1025,21547.67592,67809.75965,8868.085103,42854.29465,31331.43649,77705.7566,46119.64455,968031.8063,62704.33268,120866.9953,45541.36249,65453.32349,127446.1466,69335.55935,130983.8612,41802.82825,1175564.667,926987.2709,104555.4092,77437.78845,446159.6775,34717.90354,37572.4086,103731.8943,6702019.717,52371.96771,83390.16564,20285.27556,33299.77453,60027.18047,79358.11099,23841.03355,33941.89834,63340.93218,3516932.349,31536.47933,316807.0463,73144.84447,45054.84657,786553.9247,1314268.349,11251.50762,8332841.003,360784.8938,27172.04126,109842.8857,183581.2837,12992395.28,74177.19815,22314.90277,50484.65348,24873.39441,77974.11606,188817.2758,3283659.392,49733.24883,12871.16663,119039.4011,458048.0998,12190.88668,54801.44081,142531.6032,18468.6894,206918.5168,3317208.707,889598.286,1932029.967,58710.84641,598565.042,105122.8265,46421.93835,51069.45833,3705724.58,48545.44385,227072.9807,90447.03057,48964.63339,63275.93453,393009.0105,433048.2567,6524246.913,66139.61838,1066857.158,10146085.28,21565061.34,29895.18673,100649.5894,139857.2628,42810.89311,7969221.713,1828252.42,39466.65649,38130.94133,58517.59563,24020.32051,90047.73781,266276.1673,40928.85561,102342.2805,457740.1667,481711.2703,58348.81191,53568.42302,523942.9277,355511.3591,513952.9721,96577.26853,79054.49216,38189.81077,108341.3841,686726.15,23435.46543,1384620.862,53891.41685,88799.82091,215059.5688,71196.12558,237936.9481,30328.38974,4937752.44,144199.4831,23676.30757,116346.7721,130428.3821,94876.24713,1770548.958,30593.15392,59205.52261,34500.53553,65440.76691,34733.8535,495808.0445,862566.3565,1677006.408,137189.2177,2923673.602,19508.65959,860765.015,13344352.75,1766984.23,37729.83144,25615.46251,24014.75546,20001.87113,13522.19767,22541.75491,42309.15694,13008078.64,23008.40633,65738.58904,35131162.55,105560.5762,738280.4686,14713.37537,18677.39469,40154.14303,28242.59627,93273.07704,666770.0778,78423.14476,1999696.126,499044.6577,3846666.448
1dil_rep1_5ul_1_pos,1,5,8,1,50,124389.4133,438212.1646,1292573.969,1261596.01,839598.78,17916.05896,103003.1269,21957.0454,119564.6815,53229.16243,43396.12553,88110.46925,37673.60046,76965.89081,156397.7877,24837.16848,33229.47238,47412.00666,44217.46631,143448.9874,456783.3866,31315.48391,129171.9053,39493.9013,115725.1706,76242.09255,175868.4409,105353.1639,2286431.986,130769.5985,379100.7772,210693.2095,335322.135,267736.7686,98938.62021,254996.2944,52939.96636,2811624.237,2600545.922,181527.9256,142688.9627,1070289.888,88267.22468,49703.65539,183372.6785,13315314.55,73530.43923,78141.85083,55987.32245,41111.92853,105853.464,154430.5392,42844.76031,37718.39278,94993.30141,7440182.732,37592.674,361820.3941,93748.58355,36706.20483,1073339.356,1094528.288,21052.68418,9849052.422,377474.5534,35124.35088,124193.1143,349366.6769,24255843.74,807263.0121,43917.30152,73229.876,35432.4962,82232.24874,219802.3928,4985352.792,76482.21151,10147.90648,201591.0017,593080.2973,13371.3257,40642.4236,87809.62746,39399.43118,116897.5905,5937895.067,2070572.97,3648810.871,74008.15391,249509.2668,157039.8315,76933.56646,62414.41308,8620.044012,72001.10233,204822.1839,129339.8626,41129.6721,74244.07651,116064.451,533729.7817,11494004.73,77432.65035,1721683.025,16566048.42,35749775.87,36371.90066,83563.67245,201545.7297,64101.02485,16666956.63,3372678.84,46744.49752,50148.68581,77548.40089,51404.77844,106706.1302,342420.6503,45836.87382,273566.5378,610221.5881,968138.9084,93540.32161,95144.72212,967075.477,449832.206,1322782.588,163057.3432,146426.4889,48205.32625,139982.0005,1567345.17,59967.23979,3298025.785,91499.64754,174126.9328,431624.2075,169705.452,420910.899,61703.6439,7625094.448,304137.4638,56154.01594,176904.9286,297691.2737,186303.9952,5146129.617,35592.13562,77373.23364,77367.20947,151579.8536,92541.46424,653103.8176,1445006.587,3462815.172,265365.9653,5415504.497,46597.07357,1041699.467,15943413.43,2644615.921,42234.84723,52216.87102,48163.55777,42722.63569,39727.4192,57919.90487,71431.76223,19046550.18,57217.31294,106852.0994,52149041.13,223539.326,1242812.342,55603.25101,29009.09914,89914.47387,69544.60988,144468.7,1291229.266,166036.5236,4504424.544,1075092.145,6210562.756
1dil_rep1_5ul_2_pos,1,5,8,1,53,138548.5065,470315.0746,1313786.882,1280307.552,451242.7486,20272.55633,83171.86994,19719.56261,140679.4157,44231.71216,53281.54631,88877.0596,43150.41744,63960.73356,153441.4153,26842.10085,35152.42747,296318.2097,41708.4318,157087.9738,449673.7888,32047.39704,137355.3793,24714.18032,120242.2817,77842.06091,159944.5118,123782.3848,2369321.675,146567.5838,338012.9697,156301.0693,275377.2812,264338.8794,107728.534,282980.4815,54038.12746,3323546.254,2361331.827,164467.6083,132822.3073,1082556.204,84789.22671,50740.71509,198117.6382,14023507.97,80164.5732,90221.59705,112444.929,42034.3064,85747.68748,165060.9813,39253.95386,70526.33804,116081.2534,7397482.043,53388.55801,388633.6998,102343.5049,37425.36679,963547.8002,1195387.415,25584.6761,10529687.22,411032.6202,15357.34925,149270.061,319354.3012,26209522.49,976195.3561,37612.80346,60176.88344,40686.78242,79487.09391,227367.1878,5452124.884,76867.32256,9640.177946,196801.2052,568145.5674,15852.22032,41192.79312,83406.22197,36616.53107,115307.1534,6468678.194,2007668.432,3479174.012,96045.22959,496829.8334,137019.6315,67021.92688,61624.49003,8056713.679,73857.55305,212263.0073,120950.4166,47842.35362,75739.91163,298695.6573,531037.9393,12656241.98,85453.3947,1750533.873,16634791,36615552.12,28977.49558,110432.2307,192776.8785,63115.68924,17334232.04,3241379.607,51284.38272,54266.15203,82631.90212,41215.33486,115351.042,349782.8776,47704.74413,240995.1396,277358.5827,941297.5058,89538.30412,102845.0621,978697.2674,485672.3494,1500729.319,154538.9568,122089.9028,38687.37645,159410.8077,1612031.444,65740.95195,3517970.595,78794.89726,153621.4251,443665.3228,132298.1752,392690.8747,69056.88788,9521012.071,282069.1712,64721.26283,162653.3983,269904.9906,179852.4604,5345725.926,38701.2131,66897.44315,75600.51276,148109.6328,98769.19093,731411.922,1455482.762,3398360.64,275466.8362,5780318.666,43856.04722,1101824.284,15194595.03,2696901.123,41094.09751,57778.17764,48737.06101,49348.43174,34859.81645,54936.95849,60515.73993,23810605.06,58201.11314,83430.73175,64849471.1,183020.9206,1337256.12,64247.43597,32502.71302,93414.50269,60292.7893,152432.2829,1304776.778,169314.0436,4190345.172,1177054.241,6196657.707
1dil_rep1_5ul_3_pos,1,5,8,1,56,169550.9846,422018.7124,1371611.537,1319773.535,294823.2628,19898.72976,83582.5726,18182.75949,139868.592,47041.67151,52197.28906,91058.28416,43113.57705,565160.9755,153122.7014,31184.04094,30563.2405,336627.5641,44153.14752,152821.7268,452789.7165,30779.4556,144476.9779,27082.58495,123249.7475,81543.1596,191027.6366,110529.5418,2554050.128,142759.3141,348228.4764,146134.5757,230807.9228,255793.2997,102307.1804,253106.4524,60384.08854,3173598.411,2391704.381,170602.7638,129923.5135,1175269.244,72753.71928,47709.34093,208748.2392,15619180.74,98510.22381,211199.1868,45640.39576,40255.92767,99325.86342,165491.9243,40185.61951,36063.46756,87366.4166,7510452.734,32894.84838,411089.534,113349.9941,34394.84448,1048507.553,1083923.115,23978.179,10041579.65,414678.2507,19231.40614,135050.2653,336709.9171,25834663.29,945163.2919,41426.05808,59864.7873,39342.1623,77563.93697,207777.9542,5896604.058,64210.76762,7379.314056,195252.4066,597308.8085,17026818.24,38740.35443,76248.68719,39428.56195,122283.8057,6182870.861,2052947.596,3674714.071,68824.52065,476159.5484,155692.7375,81569.44391,52238.5609,8210565.89,65069.53684,208515.897,119991.003,42110.96362,80436.11436,54738.60622,575553.8919,12028923.31,78392.07879,1631298.064,15894221.88,34771230.97,35641.11612,96687.57183,199894.1807,62157.81606,17818881.38,3532400.018,50660.41903,61155.08879,84724.9196,46887.13999,103721.0769,348665.6488,46751.1942,232367.0367,598995.544,986939.5787,85400.30209,95283.586,979022.6604,469360.36,1595360.061,173083.9727,133106.0526,36563.22291,137678.0645,1534467.474,76003.68113,3716209.779,64567.97017,155280.4522,463270.5824,132534.9201,434042.3174,72892.57315,9858766.132,312651.3465,66689.78366,178561.3484,279850.9178,185057.3294,5506619.289,29770.53498,60913.94875,82115.79316,162260.5393,79356.85347,687225.3742,1825748.585,3735099.174,307575.5708,5586999.876,42077.53916,1523735.016,15466060.42,19600.70269,43574.9299,53471.18387,49140.13176,47564.66595,32244.2945,66947.67451,70835.19704,22609826.77,61159.48306,81162.61012,61640658.09,229923.6415,1369267.76,72010.48277,37820.04204,105154.5376,56052.26527,187295.8474,1453696.329,168991.5595,4454841.633,1212919.263,8056300.452
1dil_rep1_5ul_4_pos,1,5,8,1,59,243133.6116,439378.3786,1226008.284,86907.86631,275073.4568,27763.88104,56574.06337,21525.77667,147128.7674,42986.30581,51157.21231,114295.2324,42662.20241,461243.075,151776.3923,28868.75405,33326.93217,36439.58919,50417.64416,137415.8911,441769.3413,25538.06881,146466.3076,26400.37935,111320.8395,74426.66351,189117.5118,104178.9418,2262958.062,149818.236,344149.1639,107661.806,163356.4577,258289.8279,89404.59562,245474.4087,48965.31811,3206442.898,2284005.586,166967.6363,125172.8823,1190965.734,69099.53308,53254.29336,230273.6644,15754462.95,77899.96737,72465.73015,122461.0252,38176.16031,106536.529,169308.565,42423.15401,44439.62169,67556.69288,7669335.24,30896.83458,366109.849,103720.2901,26397.95692,965377.0354,1101059.68,29523.50363,10138318.31,378308.0011,19161.05355,137784.5317,371792.1788,25524230.95,721416.6906,32500.71346,66941.71226,35122.3699,83623.14807,215550.0879,5309465.248,60617.15526,3531320.092,206378.0391,621384.5151,17362709.41,38232.98102,81800.66581,41495.48953,104952.7338,6277975.429,2160205.19,3543337.983,81263.69579,259640.7204,155916.7445,79651.69103,73346.61201,7942602.768,52202.53282,203056.1448,127491.64,36809.97583,85058.57618,45281.10778,557770.0528,12364089.72,72406.02145,1698863.732,16251524.07,34919438.72,33214.19859,95371.17109,194558.1169,68152.88372,16802900.46,3499976.896,52204.18855,58688.03898,78144.85028,36331.48759,109043.8821,342247.7717,59705.19568,236487.9843,578087.4093,999822.4703,94083.71374,89250.3603,957355.3155,449497.4569,1505299.531,161627.4096,130753.952,41451.65262,147971.3262,1553251.341,84805.54691,3803689.4,72771.93211,163947.5436,492261.4488,175193.1062,431936.2132,72730.89404,9867595.359,305517.5376,69606.80037,175639.3324,298216.827,181457.6124,5569551.392,43650.41901,82854.12572,68383.2232,166063.7139,95254.3999,636464.6771,1848928.898,3273704.731,304037.7612,5689155.762,30143.08395,1546638.78,15299567.48,3127115.969,45917.34348,58621.42061,52029.54831,46646.81885,35192.52167,60558.72913,84471.39901,22721886.98,55695.62677,102008.3523,61876082.01,238305.258,1387663.147,31819.96344,37471.5706,102809.9923,60505.61049,187498.6679,1227860.99,146788.2441,4569249.395,1296121.47,7316612.595
1dil_rep2_5ul_1_pos,1,5,8,2,62,264419.2482,434746.4402,1651058.373,1591590.584,565224.1102,11164.52893,48462.2046,23730.60274,142565.5513,54627.3453,53934.86435,106793.9707,41935.48184,64427.95028,148626.5201,33805.25412,23987.45513,41695.50167,44505.56808,139597.8092,459836.8312,31672.11837,139987.9777,34173.87932,117481.3048,82876.73021,203237.6275,123183.2288,66346.37461,142557.5175,382151.7549,191209.1196,349173.9594,273180.1647,102442.0009,270650.6569,69569.04453,3357255.444,2939135.317,181055.2391,136554.1813,1141002.059,87915.1624,48898.91861,213894.0547,14096710.97,63786.70318,79682.4782,53185.83265,32592.17318,114983.5524,184121.0307,34671.72256,46758.6741,94786.11097,7422739.573,25352.61267,404866.5731,96977.55898,36107.01515,1036350.149,1069421.132,24249.68108,11365909.72,430166.2204,36011.80587,126126.1704,331429.4872,25250110.93,85504.25924,35297.69504,44031.53286,35429.28077,80235.68186,208567.3279,5781552.357,65811.00705,8451.357314,222060.1449,624888.3739,16914298.74,40774.07393,82165.58369,34448.8412,107779.2174,6157940.597,2197683.128,3680251.342,87106.26897,517104.1141,157703.316,79885.39653,60928.99985,8201383.33,82092.54973,225424.9663,117798.2076,27400.54908,90073.9243,46366.22294,525447.3128,12805917.48,71144.82392,1690681.935,16008185.17,34901542.44,39050.58631,109932.4159,183313.5226,60721.17842,16765802.72,3473656.762,60842.12404,47606.21399,84362.63184,39617.4127,116648.4807,360806.5433,43324.26075,264138.4994,210793.5581,994124.7813,92463.7373,90383.33804,1013092.924,478269.7387,1561354.993,158391.6191,120388.1104,49883.98687,142075.1097,1619695.217,72970.07561,3865994.765,64888.5402,159977.407,469538.2487,121460.0502,449145.7342,55424.22096,7282561.081,318356.0576,70485.788,182861.7255,285257.0109,180181.703,5420447.597,33346.17616,75999.195,65131.78868,152032.1017,103424.0272,683838.4777,1543992.908,3330057.686,142097.1688,5708195.467,34607.4875,1452658.331,15941976.66,2629973.777,40828.34276,41234.51931,42162.45091,38531.53588,37397.08033,61098.40868,86189.27192,23880115.06,51476.72623,67106.95007,64665382,220004.9261,1030893.135,29997.51715,38278.0306,100245.4397,48601.51764,132011.9615,1183551.959,102793.2099,2282051.749,834156.4054,8891680.504
1dil_rep2_5ul_2_pos,1,5,8,2,65,282695.2018,471875.7625,1400427.2,93057.10835,434674.624,18771.48065,17731.77115,24629.48747,143235.0987,44630.12441,39818.29659,101573.4572,47849.77375,68258.65076,155931.9593,28977.73544,26375.32134,52899.8527,49863.64619,143997.9637,500116.5273,29205.16671,137794.7962,31867.39356,125048.1028,79095.90266,182706.0132,128530.8989,75958.16379,148960.1168,340163.4219,172968.555,271217.3615,233281.3236,100906.8906,232509.974,49959.4719,3375245.78,2464862.944,183091.1593,126608.1348,1209587.477,76478.96689,33199.62563,249990.9399,14656039.36,79623.99496,84815.13738,38495.38394,34653.5511,98274.57871,160793.9393,31483.38151,54780.31983,84519.7776,7309828.296,36657.29342,393025.5972,112551.1667,39528.17857,1006808.398,1166523.951,24006.88555,10444192.07,469459.1801,33862.12037,119386.0523,321738.6749,24971967.58,84449.73435,30639.49246,40411.7124,33164.19068,112756.5178,211256.8595,5771102.604,71054.11331,13585.72867,189513.0957,615632.7212,15085.42357,33863.11159,82692.3801,29451.42559,91060.41301,6108948.194,2017085.08,3623230.403,61502.00718,534189.9255,146846.1806,79156.90626,66593.47286,7543382.221,84362.13235,218183.9426,107864.5785,34730.92031,94047.32562,326731.0134,572497.8306,12084045.92,61014.92506,1683713.665,16775038.92,37125596.31,37273.99028,106212.8137,217809.8919,59234.6484,17662618.35,3486835.401,58721.54202,62011.24259,93465.58836,39780.08611,138248.262,368904.6706,39259.76251,236771.1497,602634.8735,993483.2655,92139.67473,79355.20886,964494.1921,436044.2942,1621499.265,187672.3992,123095.3124,50835.90304,156608.0476,1622770.535,76957.39147,3593319.79,56579.13052,197687.1836,439302.2344,177000.5812,437691.1789,81745.68208,9963721.339,299764.4762,74976.75148,167748.313,294258.4012,185126.8745,5473117.076,23294.45243,66195.37476,87939.42195,167506.3581,96602.03577,691707.8818,1693549.985,3316547.655,308522.582,5845756.831,32728.60373,1794852.258,16189514.72,2659900.741,42888.86288,53053.98648,50324.70508,42317.82471,30468.83365,44879.19555,42327.51952,23995370.02,41141.90175,95984.75498,65123833.46,230368.5894,1405028.026,30890.86045,42648.70349,80779.91066,39879.03705,142953.2785,1106121.774,161107.4997,2329239.047,842317.1,7012551.707
1dil_rep2_5ul_3_pos,1,5,8,2,68,214327.6583,425147.3215,1699706.853,1531121.236,248577.1415,34904.45141,21581.40481,30542.64193,179077.5824,44868.80899,56454.0892,115736.5851,46064.21554,449202.1983,147590.7215,30083.22086,29391.26829,312978.2951,48769.55285,118161.2088,509677.9921,27745.65336,135448.864,29848.2441,116741.8125,78001.26226,187835.7753,106187.3042,58510.00687,154431.7287,312105.2468,128231.9425,183710.3361,213524.1568,115291.9157,260727.4085,64571.76017,3676022.12,2481532.606,183182.8731,134874.2857,1121568.491,68146.30218,35498.73801,244095.009,14447026.53,69581.39542,74844.8484,116064.2589,31796.58809,94554.37122,178846.3177,40518.55862,35531.38094,89022.12703,8050635.615,49082.69079,372440.7834,107849.5975,36469.48968,1037538.295,1117632.849,22167.04183,10904365.2,432614.7458,20781.73598,134855.7995,328078.4827,25988135.44,809031.6827,27706.12909,44702.04688,33171.4616,91758.25297,200067.5542,5889533.519,67339.36526,13149.50529,213578.9428,593979.2518,17172733.59,35536.14318,88518.83861,32719.04171,116478.775,6242089.042,2034565.03,3669018.021,82160.93785,476510.2599,143320.6081,69824.33607,62602.88758,7681403.895,67666.7892,209111.836,131166.716,45262.58277,90042.35243,53353.51692,544739.1001,13225732.63,63015.21717,1684671.252,16728424.47,35165102.83,33934.69635,104670.7745,197171.7277,63016.87033,16466627.84,3472754.808,61096.76469,57353.48682,86833.11975,42897.99764,116318.702,342886.6899,70251.73341,240490.3109,216083.35,970633.4944,89116.98778,83090.83831,949116.3753,418266.6085,1517789.081,170985.5217,109644.9439,47557.13599,143032.7628,1578600.804,66338.27941,3942572.181,67143.54575,181469.5757,390917.166,119102.3056,443617.8427,56241.82695,9947496.088,290951.466,73745.40237,182209.3078,298880.3143,185210.8938,5220023.507,26860.99496,65140.83149,63744.14991,163988.6526,108541.6285,818376.3536,1601735.904,3401107.84,299838.847,5947452.212,38574.97613,21405.76242,15468372.43,2813708.354,44783.80729,55639.83658,47090.7451,49234.12315,35048.10796,60963.60622,61683.78387,23913537.02,54367.18118,68616.0489,65783748.2,225885.0968,1455626.495,67752.55696,39642.90954,98581.9323,56267.34076,163355.1306,1231966.714,191783.9506,3038216.679,1189289.729,7190305.765
1dil_rep2_5ul_4_pos,1,5,8,2,71,227948.8892,450983.502,1659915.454,1542654.82,203077.5706,34343.02122,31262.70975,33292.40746,163787.8621,55477.73444,59794.90554,113302.1549,62335.614,70238.84831,164650.0743,27592.67643,38708.03911,54501.65419,46878.52267,127308.6989,510672.815,29568.8923,155047.5108,22377.4008,100851.3143,70602.90301,152335.7436,93227.24565,2346301.311,145066.4736,302371.0926,86679.36877,130864.3985,238400.2508,99658.90568,227533.2783,61643.73478,3495770.196,2163886.845,173494.4046,136466.496,1159739.312,65402.83349,37732.43433,224558.8785,15078635.9,64900.07635,84697.56779,112688.1789,44220.90022,94694.68419,204588.6652,39557.93808,21276.89567,89255.59374,7566209.733,35039.84134,350869.5299,102195.114,42134.88727,972444.005,1127048.485,22599.51967,10430096.29,447590.9198,34185.79588,122758.2851,365205.7352,26033446.16,847054.6256,26591.66301,49438.2045,31849.47966,92923.74178,229277.9525,5975199.984,54658.90953,8517.188886,216801.9851,629910.807,17539862.42,31444.79206,79183.50067,40003.18327,103126.5213,6330145.968,2039913.329,3737493.819,78566.23786,457123.3484,153841.1863,74544.55203,69130.07787,8229319.768,78471.2422,203604.8354,147168.174,28719.89247,84619.20135,38954.57883,536180.3654,13314680.76,75954.48522,1793361.5,17013022.28,37186457.56,34142.9813,92088.86657,201774.4077,64135.13032,16805418.72,3504378.164,58452.11348,57148.80681,87361.47352,34895.27095,114201.2942,359756.103,44576.01178,212596.4575,245515.3912,988619.6498,88056.47804,98948.77955,914009.0895,414091.7454,1595129.428,150154.3743,120499.1537,52665.12155,138094.9559,1476320.815,66016.88904,4171692.866,72092.6861,175197.8948,468042.9273,134734.7465,434673.4347,71065.70968,8129934.123,243844.1829,76628.80903,183523.931,285115.2606,167286.3619,5278930.849,35039.60399,69288.88866,90057.65987,153780.7616,96188.3075,781258.7101,1604247.445,3181149.001,299540.982,5684224.908,31065.96032,1509199.542,15305848.73,2788451.99,47225.49273,50053.84678,47483.10448,36140.39814,22595.74426,66600.63953,91600.18127,23815865.23,56174.80798,77330.1621,64494458.73,217150.801,1150919.026,31652.8136,36794.89771,108489.6656,48099.20511,139982.1273,1327430.823,180391.8654,2599775.165,1062318.671,10898480.95
1dil_rep1_10ul_1_pos,1,10,9,1,51,327717.6557,458704.0952,2044591.2,2205356.2,1028909.998,27918.94138,233024.5883,38626.48976,209842.5835,76184.39245,82350.85534,164590.3109,58283.85981,945343.4517,262855.0689,41546.32741,39951.50645,84397.50377,89118.87449,258185.4558,817728.9837,40053.46396,266232.8513,48296.76439,224200.669,141324.4689,358446.3531,198691.294,82321.99657,273595.483,669996.7915,285260.5764,458237.8961,395046.7445,140324.6259,361200.1287,94380.26426,6719458.372,4449782.178,239490.7676,187065.3413,1556387.671,104484.5141,61798.56229,270820.6275,22729472.59,89586.05362,96973.42433,165642.2365,46574.0769,115012.8646,194983.9451,48141.94025,94417.57672,104251.1984,11068097.01,47389.98905,379921.1229,126562.8743,17547.99884,852924.5463,824164.1537,34300.36082,9181473.75,392941.8398,23657.77933,125391.2695,454763.3593,34698035.68,70955.15324,33823.41695,49436.78485,29878.42746,78758.15505,170913.4536,7518246.216,58125.25911,11912.5854,256385.688,485809.7291,12273.70446,27464.02648,54274.63584,48984.12762,81241.452,8537196.952,3327076.448,4940915.802,84259.22167,313304.3497,144989.9938,87353.36781,53707.18757,13901629.45,76025.67347,111422.6898,149878.5246,30302.63508,89240.8368,48634.1833,485034.0027,17211523.19,77217.45496,2057806.956,20020571.2,44218289.2,27586.22883,73673.64213,248646.5504,59368.88207,25321369.82,5237106.228,64485.9526,46423.38929,100607.0474,47672.56241,119013.7913,331779.4707,42598.0222,303044.5706,359061.029,1498402.068,104635.7359,112016.0656,1321215.846,336681.6727,2700960.592,194458.1699,155005.9764,62823.80645,149080.008,2724036.092,189063.0725,5796060.792,95088.31646,203340.1944,723076.1545,250808.5271,574808.0894,76070.02991,13234017.44,350643.9438,105129.6028,193479.8666,425099.4052,180514.4586,10877016.98,40786.48836,82656.18262,92093.1093,208003.6221,123461.3884,703576.3093,1931298.699,4357316.034,434588.9139,9072330.151,80473.0987,1015705.591,14071086.32,3196260.453,61840.63059,67671.18565,63314.24263,75562.74407,48381.0722,106360.6328,73349.78241,25928517.68,86460.60879,88399.78898,72132048.87,322183.5342,2486905.454,47571.89664,63660.76826,164261.7823,101077.0614,259454.796,30662.60969,328411.1234,5828958.192,2228071.814,10370784.85
1dil_rep1_10ul_2_pos,1,10,9,1,54,251287.1642,481735.9435,2165026.057,2054124.551,586406.3909,34999.20359,230612.3084,39921.26601,237906.9244,76286.02354,92836.74047,181995.2325,79363.39447,958819.2301,277638.3383,41026.72579,52904.28758,91746.07224,94897.99967,272936.6094,925754.6413,47316.33821,238991.5699,44688.22397,228086.3108,135189.5493,370748.6224,184592.6549,3957819.726,287346.7547,559507.5125,251168.1557,437784.1961,411775.7159,150937.6201,372164.6333,87491.59633,7175974.692,4214656.623,219297.3438,210350.11,1815825.842,106787.5182,74222.8406,288042.9326,24114298.75,91071.27716,101845.5833,159870.3494,50160.08243,131678.4588,183140.3028,43889.07238,96755.36434,92971.06669,11107521.97,37432.94438,387253.8199,132199.47,20691.30447,935524.8169,878783.222,29392.75049,9456382.033,424754.5948,42938.91742,119664.2261,434133.5973,37446544.8,883066.479,32409.45705,61420.82502,33490.75724,87555.90831,166659.8408,7175514.733,52843.90695,10812.15834,239199.9244,532102.9253,23067457.85,24601.49216,54268.60269,50716.07981,68274.01077,8656685.38,3052812.626,5025772.55,87508.44098,239790.0507,135811.7972,91090.39133,68901.65597,13674594.34,90488.71391,0,154589.4144,32099.60914,120085.2697,283922.3572,541236.1312,16989513.13,68267.12349,2016976.676,19846734.13,43841769.51,27683.30229,65346.79842,223844.9236,65759.28403,24559336.74,4967143.88,67712.71478,42926.99329,94313.17488,48693.82751,97519.05712,329251.1055,43833.62333,316165.4821,354809.4924,1534711.162,108444.3843,108779.7496,1315382.379,324197.0478,2801153.359,187837.3953,154231.1117,59682.47199,167617.2149,2594550.595,174964.2711,5836345.81,96907.17393,220404.1002,780221.9566,291565.5618,569572.2655,81669.8611,14470437.08,339397.0251,103267.8642,182432.3203,433258.2258,181194.5181,10763811.11,55672.34101,78607.09224,97603.12054,254420.7066,155938.6792,810031.0814,2311492.062,4667658.638,506965.6914,9474395.206,62650.97098,27248.59684,12549107.52,2918801.66,72580.55853,86067.80336,75372.27338,66757.58395,56762.394,98867.9088,72173.16562,26697445.58,80753.09443,74151.50972,74245837.14,323293.1969,2523761.828,62334.53274,69028.48087,192940.1099,106325.4871,327216.1953,29839.60961,335285.324,5891542.98,2225139.317,9790508.224
1dil_rep1_10ul_3_pos,1,10,9,1,57,252356.1762,531630.2802,1927175.688,2044230.569,455790.7409,50269.71335,162457.0767,36967.57941,297935.4499,83554.16276,73652.70695,191109.1367,77689.98773,122520.6213,263357.1473,43925.89204,48270.47564,635207.3239,88717.76504,322817.9999,821544.3906,43760.23315,268024.8659,43161.72455,217767.51,143550.8298,346508.9394,185986.795,69109.99534,299373.842,607475.2647,215088.6023,323535.234,439705.0077,156790.0628,392079.1226,80497.30064,7190072.537,4489225.349,224000.3706,181338.7146,2041204.331,116902.4127,56996.93111,291442.9221,24306881.28,117325.5615,102489.1063,58927.60231,46225.61677,134401.0272,184697.7377,41898.45311,123399.4273,95505.54215,11278980.15,48721.56107,404152.6107,128685.562,17407.50849,943574.0707,811738.2302,31783.17143,9683221.831,403012.9381,22480.45425,107012.8578,436777.0572,35899185.65,65250.3035,33932.81891,44731.2422,29331.74096,75734.30673,177755.173,7331685.494,56084.06943,14505.65355,228620.1293,547966.2149,12559.34332,29552.43061,53529.90974,46280.80239,66460.94784,9495324.318,3369244.314,4859071.238,104020.1587,238008.4371,131682.2564,91385.47668,60167.88221,14637199.27,88119.45072,109990.2516,148977.525,22707.72719,99039.39732,368246.1071,558818.4169,17600845.87,56610.57296,2098409.659,20814337.44,45945795.62,25841.64364,65731.22298,253200.0446,79752.91906,25167771.26,4726404.974,59656.09403,49611.41181,108037.7944,41891.13282,101342.7758,329688.0785,49917.42166,347686.8893,379816.1313,1592768.59,120550.4074,103014.306,1332739.584,323858.6407,3035410.81,181384.4097,168792.7451,51682.65496,153210.808,2434987.879,206770.4978,6362983.935,89765.94292,202675.7487,765401.4874,287102.4673,565247.7135,79935.83941,14591412.48,350917.899,110100.3548,183858.8893,401411.8532,185830.1798,10353514.47,44045.80887,72403.13868,81557.49612,211147.8828,179315.442,739911.6512,2451018.703,4728201.599,518584.7795,9784927.498,68346.96075,1080440.572,12617462.11,3196839.914,67725.21173,84447.11112,82456.80201,74233.86335,56102.13291,106852.0961,104204.2214,26972137.92,82773.34935,73452.11435,91153254.83,349149.4946,1938349.951,61210.06905,68473.06379,182209.8645,104844.5143,334561.9308,2601308.679,351867.0635,6443064.584,2854860.533,10929979.46
1dil_rep1_10ul_4_pos,1,10,9,1,60,27605.81782,369968.9242,2071873.312,2084114.815,385117.528,57374.09141,131812.0939,34756.70873,283293.9068,98554.6795,97650.38585,212496.5887,83808.51845,980170.1294,277973.1464,40750.76063,58551.05851,91935.139,97183.56917,253858.2229,815525.7279,46348.5243,245640.479,42688.73726,211017.2074,122668.9557,324752.513,197640.1417,94398.75193,282411.6578,584008.6991,173970.2958,234598.9506,437520.0563,150888.9275,393426.7349,74199.40936,6960223.219,4152600.029,231800.3637,177896.5291,1897855.514,91653.45553,55022.25634,279912.4342,24030010.46,84783.92536,105869.2841,170762.0845,52291.49823,123863.4346,202644.8747,45062.56784,54322.03962,89286.92635,11326968.13,43831.47939,447103.4536,144546.7452,17084.62482,886907.8264,916503.0754,32758.48113,10534683.02,407346.9215,27314.96499,121024.4794,484826.6535,38111386.82,72930.76916,30919.85461,46264.19616,32350.52835,77095.53296,179632.4383,7508790.086,61153.46849,14052.66611,246225.5719,549399.3285,23355602.69,23852.47835,51664.00812,49405.01657,66735.5856,8869112.053,3127178.371,5119098.105,96884.68015,217258.5942,151618.0203,99255.89361,57921.45075,13737776.48,67376.57786,1397.432735,139701.0586,20536.09855,87816.74552,39741.8532,516569.757,18629567.82,69969.14634,1922234.616,21180046.66,46571136.53,25715.16191,68859.07821,256435.1098,78621.59423,25109557.75,5076589.754,60609.19387,44425.28629,100864.0384,51392.97781,103566.4829,333419.7239,53813.04742,296757.5586,339461.7717,1619913.723,113019.9891,106137.6171,1214363.404,276054.7277,2808967.933,195400.845,154732.7813,59007.54397,170735.2289,2620365.32,197785.9508,6025322.142,84583.56691,193067.672,769133.6756,268261.2568,552504.3741,90342.58783,14399316.5,320089.6083,107803.4894,210386.9511,409015.1793,163343.0202,11071079.38,45915.79891,78869.15219,98754.71465,198280.7076,164553.0489,909849.4588,2246231.096,4681205.782,546683.552,9131551.059,65104.44876,1021708.872,12837935.96,3256115.688,69133.16878,76068.7995,78984.56959,59452.72403,67174.35123,95929.79055,86897.65302,32216214.1,78198.89632,80650.18433,89033403.16,314663.8494,1764601.761,55419.14544,69842.69377,212368.06,103607.1466,300167.2905,2106059.75,335398.5225,7619833.317,2590221.884,10749063.02
1dil_rep2_10ul_1_pos,1,10,9,2,63,212127.9307,551897.7023,2627761.832,151741.0231,832728.24,37196.61537,78259.38081,37868.13822,247418.5262,82931.47104,107315.2234,198702.7553,88669.79468,103866.843,276787.4214,48680.73686,49111.56449,111914.0521,96107.72368,268123.1695,921338.5414,48478.97443,271693.2095,53480.93378,204684.5576,144117.3188,381439.7267,199550.0467,3783780.115,300592.8813,641714.9277,315066.4631,490767.779,488377.6127,182806.4843,383327.2292,79499.30785,6599824.103,4851168.697,246413.9366,215624.6206,1963050.305,84267.82028,48497.27922,311022.3488,24308276.45,104620.6554,120845.3347,139695.0076,53114.5933,144914.2858,249895.7258,45207.349,36722.12682,95697.51754,11283408.62,40601.11085,411214.8027,123600.4255,22372.97507,939919.0859,896599.1655,31377.5984,9962216.414,440438.0199,25716.86452,120331.6949,535518.8576,36331847.99,846680.1915,25175.30249,48045.96141,35079.17729,87265.13236,177553.5813,7488862.66,55131.56655,12175.60462,255374.8076,545257.0038,12029.93422,33668.61199,63238.84046,52210.57957,70287.97668,9534234.721,3539730.307,4740914.611,97731.48221,262301.7567,157446.5813,70222.03411,56806.08417,13140539.48,95428.8523,115295.9989,173368.5995,29017.69887,108058.7533,133542.2028,526150.8528,17351620.24,84244.33681,2068850.271,20331490.17,44719862.88,30014.67623,67892.48404,259442.5789,88040.19769,23419379.2,4983443.095,56146.53253,37010.46666,126690.4305,49275.52247,138860.1176,325521.1082,44880.60254,316695.4934,8633.064872,1695669.919,105984.6414,119545.8169,1280714.744,336885.2948,2879657.49,178513.4659,176348.0585,61850.312,190311.1974,2614153.293,186305.2268,5964983.514,86814.76398,219623.5336,747894.7606,272700.4635,596610.7021,95268.42425,14667992.17,329022.7708,110200.4351,200124.3911,427262.7723,195179.7442,10760100.11,49702.15447,77101.80759,106955.6297,235142.1081,163842.1702,780799.9547,2248339.329,4650773.261,461875.0404,9472363.629,64392.45051,30345.18489,12367195.15,2989591.622,64438.48995,85319.00254,74847.13108,69651.07466,52808.02517,103898.1455,91228.05619,26743373.53,78274.47421,82351.33597,74288609.03,329713.7846,2528738.277,52161.02107,69847.89929,218896.4461,120033.6851,329656.8568,2625824.824,345186.0949,7547256.685,2375132.386,12438036.76
1dil_rep2_10ul_2_pos,1,10,9,2,66,311216.5673,492596.8803,2540376.844,2672052.382,481831.8196,48956.96392,63013.99923,39045.79444,244518.6209,99402.46915,96859.67784,213065.4835,85517.04252,922232.1036,287628.8254,46317.16667,41830.01773,88071.92916,79253.49433,255331.8885,937769.5775,49538.48805,272934.1198,42131.59097,239745.712,137799.1566,375632.1912,190018.0459,103105.2968,288237.549,620223.8704,225317.7642,362004.4607,375138.616,170724.4454,360597.6726,72119.02545,7265236.575,4403994.84,230849.4687,181750.2207,1405190.059,96434.14289,56299.67152,326638.9122,24639596.84,95050.07969,118774.3962,158916.238,48124.54792,160238.9267,228226.6814,46707.9164,61703.97635,83989.96894,11296583.98,46045.34321,430135.5914,150613.7285,26132.65874,888247.4123,920776.973,37853.66437,9841414.42,447545.7372,19615.91669,121206.3654,441448.0694,34267961.84,73271.67522,32693.70318,38852.48768,33948.11873,70857.94271,182901.4814,7741643.368,60608.89874,13674.47278,223765.5678,529005.6886,23457355.32,32606.75461,54478.67942,53650.7357,71274.98023,8876552.986,3414556.752,5012125.238,87132.64368,250025.6366,151353.9607,78117.09842,63440.62195,12094091.64,101081.2834,110790.3788,170749.777,18405.27668,114600.9709,415377.0872,539362.0741,17203972.7,59912.00766,2094708.117,20344847.59,45289205.51,26603.0473,67161.47891,260168.3993,78112.10253,24949240.39,5067207.985,62403.7184,50279.36899,97040.53186,44500.94701,131603.7573,342897.5543,44738.20417,303384.9078,312098.8239,1505611.485,109664.8113,99666.6506,1375059.514,309668.2068,2691364.517,179878.3077,152734.8684,64544.69768,155321.7253,2752805.212,206465.0012,6449091.201,83128.68342,244304.922,633717.8316,227037.9467,540931.8709,96226.75203,14656805.52,320783.658,112524.7841,196092.8807,409664.4396,179042.901,10192529.36,45337.00895,62107.20452,93031.39461,217882.7502,164200.1317,885924.2267,2280668.392,4665087.491,479669.1249,9037289.716,40913.74381,25940.39339,13768522.93,3398239.141,60518.80865,74296.78735,59688.60914,70083.932,58706.90888,100628.9623,86357.56042,25151791.47,66328.1372,71074.84435,69562926.92,262972.3632,2118600.026,58677.47317,64600.98593,230399.3265,88873.22663,275036.3121,2287515.532,342348.0131,4381326.451,1834653.938,11783245.98
1dil_rep2_10ul_3_pos,1,10,9,2,69,401627.4626,500421.6271,2594601.724,2571272.428,483050.2121,53396.75345,61270.66014,45788.81394,261916.7784,91529.79522,94039.51274,206637.2482,81619.30218,941266.4439,277780.8626,40999.07775,52805.99466,92251.90407,91615.21756,256160.461,833167.2697,45073.48248,226274.6093,39034.08296,224428.6451,125650.3357,356389.7585,162488.098,3984711.244,251584.4618,539041.6962,166684.1663,259010.457,390998.8844,167426.5806,381949.9083,77003.38561,7093936.63,4446847.549,236220.1734,191195.5995,1872292.03,97855.87478,55759.34777,310861.2585,24441158.03,85706.94012,107809.5087,55389.28417,42276.84335,138699.552,241648.2425,39070.43404,52411.9181,95555.49986,11329588.16,42073.69259,416506.4862,138324.383,20766.84184,873295.7838,851122.4368,36776.39438,10533941.27,443887.6408,24961.07568,120837.0191,491957.8126,36173746.95,858265.6159,29380.36314,45964.04549,33275.14836,89243.48697,183458.8911,7375500.013,55948.27355,12362.31942,236045.3933,530070.0056,24048755.63,30017.56851,54540.18386,48027.21185,64105.49944,9014911.662,3284977.552,5098237.532,94526.5184,250924.4667,151154.7986,103268.8293,77233.64515,12346618.3,85647.92194,111717.1512,157779.0743,22152.9178,92914.09987,44256.74,543779.056,17498507.05,65516.32496,2134826.471,20319521.04,44603961.47,22702.58149,67195.81705,254602.4346,82137.52772,24996173.59,4973210.121,66411.91633,54214.37547,89883.23581,46257.26451,135159.2519,337498.2565,47660.49189,316162.809,324544.6814,1576019.175,120833.4197,95709.01217,1321208.355,295453.4943,3059043.301,167885.8062,149258.1363,52793.14324,163456.5034,2698530.961,199237.6292,6531562.384,90646.43857,206381.1968,749101.7344,300287.6783,572382.8316,89322.10688,15334795.6,303407.5439,105091.4691,199776.5552,404582.6914,181758.0976,10255664.19,50104.59812,75360.77847,94256.48058,228070.9432,147463.3538,908992.7373,2312726.374,4586594.877,553210.7014,9693545.127,44510.83991,1214628.86,12687075.2,3383842.981,67168.35332,94832.71309,79418.51234,70146.15671,48010.83439,98659.709,86034.63538,26191402.65,85756.25385,71224.34019,90702173.28,345174.5492,2539065.766,63593.81843,66534.77497,245824.8947,98681.88547,297788.1024,2813021.279,349584.3366,6194192.549,2423520.828,11703207.61
1dil_rep2_10ul_4_pos,1,10,9,2,72,364952.3917,501799.8665,149973.4201,2506710.789,411182.3611,51966.01426,70280.99956,46174.3809,269214.565,108150.597,102070.7468,222404.5638,100026.8558,1016016.73,264678.0469,47878.79392,50023.08066,659958.0626,93530.80532,274136.7788,776679.9717,42174.86405,264566.9713,38419.9339,203950.6087,133029.4056,346796.4514,211473.7826,70934.59336,278597.7047,461175.6968,126093.6693,188912.5696,399239.2974,151343.5615,344740.1322,64365.53764,7424711.048,4098366.04,222669.5018,180433.9303,1926529.35,98928.753,48717.11592,292594.3619,26028676.17,86571.65487,116662.6872,147729.5507,50101.86087,108803.0665,212252.8606,37540.54075,52640.97429,83595.96104,11756636.95,38665.02016,415262.1712,125767.9839,17775.81734,844394.7257,930252.283,39404.64084,10076104,430520.4522,29014.45406,115026.0776,462597.1169,36370266.83,73439.76594,28264.17855,36080.1521,35482.45298,64776.06886,160815.7898,7112251.94,55012.85881,13828.82278,224078.6126,514978.4396,15882.52294,27234.72257,55650.07003,53123.57412,60252.31732,8994941.705,3410900.528,5102842.277,83621.33914,310366.5573,150562.3976,93615.88479,58769.14004,14240846.76,95156.73062,116052.1228,147996.2918,21348.98989,96165.70329,36117.08262,546664.0754,18776252.18,62985.92887,2098244.264,21354195.81,42682450.51,33793.19473,66955.76707,247138.4896,82175.03767,25054755.32,5027951.328,58018.37163,52028.6114,99869.57474,45265.91305,123146.4543,338123.3434,46018.94252,307355.1265,289834.9879,1594092.034,95079.51917,99675.15825,1217293.033,291477.225,2834972.908,174353.8685,141728.4424,52387.33346,179197.0034,2573875.988,196141.57,6657235.193,90663.16526,221965.2882,794100.1047,275890.2319,560220.6616,82866.06051,14634406.47,327934.4127,100937.1072,204683.2985,385275.7288,157652.1715,11033849.19,57780.15419,80353.19903,93764.90004,208779.4819,159484.2499,966843.5647,2179398.186,4530176.609,501297.5598,9564165.432,47962.92412,1653181.139,14922864.59,3440316.041,61605.41133,85620.46945,73178.75131,74116.50276,54700.256,100482.3523,84144.46215,25879122.56,79834.83909,79673.47906,71844168.93,274306.6606,2184270.251,55481.75797,72059.07284,221931.2582,92974.37966,328391.2268,2325640.346,334501.6218,7609076.734,2201490.753,12434368.35
